ID,Title,Domain,Abstract,Technology
1,AI-Based Early Flood Detection System,Disaster Management/AI,Analyzes rainfall water-level and weather data to detect potential flooding at an early stage and provide warnings to communities and authorities before disaster strikes.,Python,ML,IoT Sensors,Weather API,LSTM
2,Smart Waste Segregation Robot,Robotics/Environment,An autonomous robot that identifies different types of waste and separates recyclable organic and non-recyclable materials to improve waste management efficiency.,Python,OpenCV,Arduino,CNN,Robotics
3,AI-Powered Personalized Learning Platform,AI/Education,Analyzes student performance and adapts learning materials difficulty levels and recommendations according to individual learning needs using ML.,Python,ML,NLP,Recommendation System,Flask
4,Solar-Powered Desalination Plant Monitor,Renewable Energy/Water Management,Monitors energy consumption membrane pressure and output quality in a solar-powered desalination unit using IoT for remote management.,IoT,Arduino,Solar Panel,Sensors,Cloud
5,Autonomous Underwater Inspection Robot,Robotics/Marine,A remotely operated or autonomous underwater vehicle that inspects ship hulls pipelines and dam structures using sonar and cameras.,ROS,Sonar,Camera,Python,Embedded C
6,Smart Grid Demand Response System,Energy Systems/IoT,Balances electricity supply and demand in smart grids by automatically adjusting loads based on real-time price and availability signals.,IoT,SCADA,Python,MQTT,Smart Meters
7,Blockchain-based Carbon Credit Marketplace,Blockchain/Environment,A decentralized marketplace where companies can trade verified carbon credits using smart contracts ensuring transparency and fraud prevention.,Solidity,Ethereum,React,Web3.js,IPFS
8,AI-based Wildfire Risk Prediction System,Environment/AI,Predicts wildfire ignition risk from weather vegetation and topography data using ML models to enable preemptive firefighting resource deployment.,Python,ML,GIS,Remote Sensing,Random Forest
9,Wearable Stroke Detection Device,Healthcare/AI,Detects early stroke symptoms from ECG accelerometer and EEG signals in a wearable device and triggers emergency alerts for rapid treatment.,Arduino,ECG Sensor,BLE,ML,Android
10,Autonomous Last-Mile Delivery Robot,Robotics/Logistics,A sidewalk delivery robot that navigates urban environments using LiDAR and computer vision to autonomously deliver parcels to customers.,ROS,LiDAR,Python,SLAM,Raspberry Pi
11,Smart Greenhouse Climate Controller,Agriculture/IoT,Automatically maintains optimal temperature humidity CO2 and light levels inside greenhouses using sensor feedback and actuator control systems.,Arduino,DHT22,Relay,IoT,Cloud
12,AI Lip Reading System for Deaf Users,Accessibility/AI,Translates lip movements captured via camera into text using spatiotemporal deep learning models to assist deaf and hard-of-hearing individuals.,Python,CNN,LSTM,OpenCV,TensorFlow
13,Blockchain Supply Chain Traceability,Blockchain/Logistics,Tracks products from manufacturer to consumer on a blockchain ledger ensuring authenticity and enabling instant supply chain audits.,Solidity,Ethereum,React,QR Code,Web3.js
14,Ocean Plastic Cleanup Drone Swarm,Environment/Robotics,Coordinates a swarm of surface drones to detect and collect floating plastic debris in oceans using computer vision and multi-robot coordination.,ROS,Python,OpenCV,GPS,Drone
15,Smart Water Metering System,Water Management/IoT,Monitors household water consumption in real time using IoT water meters detects leaks and generates usage reports via mobile app.,Arduino,Flow Sensor,ESP8266,Cloud,Android
16,AR-Based Surgery Training Simulator,AR/Healthcare,Simulates surgical procedures in augmented reality allowing medical students to practice operations in a risk-free virtual environment.,Unity,AR SDK,C#,3D Models,HoloLens
17,AI-Powered Crop Insurance Assessment,Agriculture/FinTech,Assesses crop damage from drone and satellite images using deep learning to automate insurance claim verification for farmers.,Python,CNN,Remote Sensing,GIS,TensorFlow
18,Smart EV Charging Network Manager,EV/IoT,Manages a city-wide network of EV charging stations optimizing slot booking load balancing and renewable energy integration.,IoT,Cloud,Python,Android,MQTT
19,Autonomous Bridge Inspection UAV,Civil/Robotics,A UAV that autonomously inspects bridge structures capturing high-resolution images and detecting cracks using on-board CV models.,Drone,Python,OpenCV,CNN,GPS
20,Federated Learning for Privacy-Preserving Healthcare,Healthcare/AI,Trains ML models on patient data across hospitals without centralizing sensitive records using federated learning for privacy-compliant health AI.,Python,TensorFlow,Federated Learning,Encryption,Flask
21,Smart Noise Pollution Mapping Platform,Environment/IoT,Deploys a network of sound level sensors across urban areas to create real-time noise pollution maps for city planning.,Arduino,Sound Sensor,LoRa,Cloud,GIS
22,AI-Based Mental Health Screening App,Healthcare/AI,Screens users for depression anxiety and stress risk from behavioral patterns and questionnaire responses using NLP and ML models.,Python,NLP,BERT,Flutter,ML
23,Hydrogen Fuel Cell Bicycle Prototype,Renewable Energy/Mechanical,Integrates a hydrogen fuel cell into a bicycle drivetrain as a zero-emission personal mobility prototype with range monitoring.,Fuel Cell,Arduino,DC Motor,Power Electronics,Python
24,Deep Learning Road Surface Quality Classifier,Transportation/AI,Classifies road surface conditions as good fair or poor from dashcam video using CNN to prioritize road maintenance operations.,Python,CNN,OpenCV,TensorFlow,Mobile App
25,Smart Rainwater Harvesting and Reuse System,Water Management/IoT,Captures treats and stores rainwater using an IoT-monitored system that tracks tank levels water quality and distribution for reuse.,Arduino,Sensors,Ultrasonic,IoT,Cloud
26,Autonomous Greenhouse Weeding Robot,Agriculture/Robotics,An autonomous robot that identifies and removes weeds between crop rows using computer vision and a mechanical weeding tool.,ROS,Python,OpenCV,Arduino,Servo
27,AI Traffic Flow Simulator,Transportation/AI,Simulates urban traffic flow under different signal timing strategies using reinforcement learning to optimize overall intersection throughput.,Python,SUMO,RL,TensorFlow,Simulation
28,Smart Infant Incubator Monitor,Healthcare/IoT,Monitors temperature humidity oxygen and light in neonatal incubators and alerts medical staff on deviations from safe ranges.,Arduino,Sensors,BLE,Cloud,Android
29,Cybersecurity Honeypot Analysis System,Cybersecurity/AI,Deploys honeypot servers to attract and analyze cyber-attack patterns using ML to improve threat intelligence and defense strategies.,Python,Honeypot,ML,Wireshark,Network Analysis
30,AI-Based Legal Case Outcome Predictor,AI/Legal,Predicts likely judicial outcomes for civil and criminal cases using historical court data and NLP on case documents.,Python,NLP,BERT,Scikit-learn,Flask
31,Smart Cold Chain Vaccine Monitor,Healthcare/IoT,Tracks temperature excursions in vaccine cold chains from manufacturing to clinic using IoT loggers ensuring vaccine potency.,Arduino,Temperature Sensor,GPS,Cloud,Android
32,Gesture-Based Drone Swarm Control,Robotics/AI,Controls a swarm of drones using hand gesture commands recognized by a wearable IMU device enabling intuitive multi-drone operation.,IMU,Python,ROS,BLE,Drone SDK
33,AI-based Structural Integrity Monitor,Civil/AI,Monitors vibration strain and displacement of large structures like buildings and dams using embedded sensors and ML anomaly detection.,Accelerometer,IoT,Python,ML,Cloud
34,Smart Ocean Buoy Network for Weather,Environment/IoT,Deploys connected buoys that measure ocean temperature salinity wave height and wind and transmit data to weather forecasting systems.,Sensors,LoRa,Satellite,Python,Cloud
35,Personalized Cancer Drug Response Predictor,Healthcare/AI,Predicts patient-specific drug response for cancer treatment using genomic data and ML trained on clinical trial outcomes.,Python,Bioinformatics,GNN,Genomic Dataset,ML
36,AI-Powered Building Energy Optimizer,Energy Systems/AI,Analyzes occupancy patterns weather and HVAC operation to automatically schedule heating cooling and lighting for minimum energy use.,Python,ML,IoT,BMS,Cloud
37,Smart Landmine Detection Robot,Safety/Robotics,A ground robot equipped with metal detector and GPR sensor that autonomously scans cleared land for buried landmines.,Arduino,GPR,Metal Detector,ROS,Python
38,Real-time Sign Language Video Translator,Accessibility/AI,Translates continuous sign language video into spoken or written language in real time using 3D CNNs and sequence models.,Python,3D CNN,OpenCV,TensorFlow,Android
39,AI-Driven Precision Aquaculture System,Agriculture/AI,Monitors water quality fish behavior and feeding patterns in fish farms using AI to optimize feeding schedules and detect disease.,Python,CV,IoT,Sensors,ML
40,Satellite-based Deforestation Alert System,Environment/AI,Detects deforestation events near real-time from satellite imagery using change detection deep learning and sends alerts to conservation agencies.,Python,Remote Sensing,CNN,Google Earth Engine,GIS
41,Smart Urban Stormwater Management System,Civil/IoT,Manages stormwater runoff using sensor-equipped retention ponds and automated sluice gates controlled by rainfall forecast data.,Arduino,Sensors,IoT,Cloud,GIS
42,AI Chatbot for Mental Health Crisis Support,Healthcare/AI,An empathetic conversational agent that provides immediate emotional support and connects users in mental health crises to professional resources.,Python,NLP,Rasa,BERT,Flask
43,Autonomous Solar Panel Installation Robot,Renewable Energy/Robotics,A robotic system that autonomously positions and mounts solar panels on rooftops based on structural maps and optimal angle calculations.,ROS,Python,Computer Vision,Servo,GPS
44,Smart Prosthetic Limb with EMG Control,Healthcare/Robotics,A myoelectric prosthetic hand that interprets EMG signals from residual limb muscles to perform natural grasping and manipulation.,EMG Sensor,Arduino,Servo,ML,3D Printing
45,Predictive Maintenance for Wind Turbines,Renewable Energy/AI,Analyzes vibration acoustic and temperature data from wind turbines using ML to predict component failures before they occur.,Python,ML,IoT,MATLAB,Vibration Sensor
46,Urban Heat Island Mitigation Planner,Climate Technology/AI,Uses satellite thermal imagery and urban geometry data to identify urban heat island hotspots and recommend greening interventions.,Python,GIS,Remote Sensing,ML,QGIS
47,AI-Based Agricultural Pest Identification,Agriculture/AI,Identifies insect and crop pests from field photographs using a CNN classifier to help farmers choose targeted pesticide treatments.,Python,CNN,TensorFlow,Mobile App,Pest Dataset
48,Quantum Key Distribution Simulator,Cybersecurity/Quantum,Simulates the BB84 quantum key distribution protocol demonstrating secure cryptographic key exchange resistant to eavesdropping attacks.,Python,Quantum Simulation,Qiskit,Cryptography
49,Smart Portable Water Purifier,Water Management/IoT,A solar-powered portable purifier with UV and filtration stages that monitors output water quality via IoT and adjusts processing automatically.,Solar Panel,UV Sensor,Arduino,IoT,Android
50,AI-Based Satellite Image Super-Resolution,AI/Remote Sensing,Enhances the spatial resolution of low-resolution satellite images using generative adversarial networks for improved land cover analysis.,Python,GAN,TensorFlow,Remote Sensing,ESRGAN
51,Robotic Exoskeleton for Industrial Workers,Robotics/Manufacturing,An exoskeleton that reduces ergonomic strain on factory workers during heavy lifting and repetitive tasks using actuated support joints.,Arduino,IMU,Servo,EMG,Embedded C
52,Smart Traffic Accident Reconstruction System,Transportation/AI,Reconstructs accident scenarios from CCTV dashcam and sensor data using physics simulation and ML to assist insurance and legal analysis.,Python,OpenCV,Physics Engine,ML,GIS
53,IoT-Based Soil Carbon Sequestration Monitor,Agriculture/Environment,Measures soil carbon content and microbial activity using IoT sensors in agricultural fields to track carbon sequestration for credits.,Sensors,Arduino,IoT,Cloud,Analytics
54,Decentralized Identity Verification System,Blockchain/Security,Allows individuals to control and share their verified digital identity credentials using blockchain without depending on central authorities.,Solidity,DID,IPFS,React,Web3.js
55,AI-Powered Epidemic Spread Modeler,Healthcare/AI,Models the spread of infectious diseases using agent-based simulation and ML calibrated to real epidemiological data for public health planning.,Python,SEIR Model,ML,Simulation,Dash
56,Smart Earthquake Early Warning System,Disaster Management/IoT,Detects P-wave seismic signals using distributed geophones and transmits earthquake warnings to mobile devices within seconds of detection.,Geophone,Arduino,LoRa,GSM,Android
57,Computer Vision-Based Pothole Repair Prioritizer,Transportation/AI,Maps and ranks road potholes by severity from vehicle-mounted cameras using CNN to help municipalities prioritize repair budgets.,Python,CNN,OpenCV,GIS,Maps API
58,AI-Driven Livestock Disease Surveillance,Agriculture/AI,Monitors livestock for disease symptoms using CCTV cameras and ML models detecting abnormal behavior temperature and posture.,Python,CV,IoT,Sensors,ML
59,Smart Vertical Farm Automation,Agriculture/IoT,Fully automates lighting nutrient delivery irrigation and climate control in vertical farms using IoT sensors and a central AI optimizer.,Raspberry Pi,IoT,LED,Sensors,Python
60,Autonomous Hazardous Material Handling Robot,Safety/Robotics,A robot designed to detect identify and safely transport hazardous chemical or radioactive materials in industrial emergencies.,ROS,Chemical Sensors,Camera,Python,Servo
61,AI-Based Document Tampering Detector,Security/AI,Identifies forged or digitally altered official documents by analyzing pixel inconsistencies metadata and textual anomalies using CNN.,Python,CNN,OpenCV,ELA,TensorFlow
62,Smart Energy Storage Management System,Energy Systems/AI,Manages battery energy storage systems by optimizing charge-discharge cycles based on grid prices renewable generation and demand forecasts.,Python,ML,Battery BMS,IoT,MATLAB
63,Autonomous Agricultural Spraying Drone,Agriculture/Robotics,A drone that autonomously follows field maps to precisely spray pesticides or fertilizers over crop areas reducing chemical waste.,Drone,GPS,Python,ROS,Precision Agriculture
64,AI-Based Underwater Acoustic Signal Classifier,Marine/AI,Classifies underwater sounds like marine mammal calls ship noise and sonar pings using CNN trained on hydrophone recordings.,Python,CNN,Librosa,Hydrophone,TensorFlow
65,Smart Classroom Noise Level Controller,EdTech/IoT,Monitors ambient noise in classrooms and activates sound-dampening systems or alerts teachers when noise exceeds productive learning thresholds.,Arduino,Sound Sensor,Relay,IoT,Dashboard
66,Peer-to-Peer Solar Energy Microgrid,Renewable Energy/Blockchain,Enables households with solar panels to sell surplus power to neighbors using a blockchain-based smart contract energy trading platform.,Blockchain,Smart Meter,Solidity,IoT,React
67,AI-Powered Resume and Job Matching Engine,HR/AI,Matches job seekers with positions using semantic similarity scoring between resume and job description embeddings for better recruitment outcomes.,Python,BERT,NLP,Flask,Elasticsearch
68,Smart Water Quality Monitoring Boat,Water Management/Robotics,An autonomous surface boat that navigates rivers and lakes collecting and analyzing water quality samples and GPS-tagging results.,ROS,Sensors,GPS,Raspberry Pi,Python
69,Augmented Reality Assembly Line Guide,AR/Manufacturing,Overlays step-by-step assembly instructions on real components viewed through AR glasses reducing error rates in complex manufacturing.,HoloLens,Unity,AR SDK,C#,Industrial IoT
70,AI-Based Concrete Mix Design Optimizer,Civil/AI,Recommends optimal concrete mix proportions to achieve target strength and durability using ML trained on mix design databases.,Python,ML,Regression,Civil Dataset,Flask
71,Smart Wheelchair with Obstacle Avoidance,Accessibility/Robotics,A powered wheelchair that autonomously avoids obstacles using LiDAR and ultrasonic sensors allowing hands-free operation via eye gaze or voice.,LiDAR,Arduino,Voice Control,Eye Tracking,ROS
72,Distributed Ledger for Land Registry,Blockchain/Governance,Digitizes land ownership records on a blockchain eliminating manual errors fraud and disputes in real estate title management.,Solidity,IPFS,React,Government API,Ethereum
73,AI-Based Avalanche Risk Predictor,Disaster Management/AI,Predicts avalanche risk zones using snow depth temperature wind and slope angle data with ML to protect mountainous communities.,Python,ML,GIS,Weather Data,Random Forest
74,Wearable Parkinson's Tremor Monitor,Healthcare/IoT,Continuously monitors tremor frequency and amplitude in Parkinson's patients using IMU sensors to track disease progression and medication efficacy.,IMU,Arduino,BLE,ML,Android
75,Smart Automated Beehive Monitor,Agriculture/IoT,Tracks temperature weight acoustic signals and humidity in beehives to detect swarming colony collapse and queen health events.,Arduino,Sensors,IoT,ML,Android
76,AI-Powered Code Vulnerability Scanner,Cybersecurity/AI,Scans software source code for security vulnerabilities like SQL injection XSS and buffer overflows using static analysis and ML.,Python,AST,ML,NLP,CodeBERT
77,Smart Autonomous Firefighting Robot,Safety/Robotics,A ground robot equipped with flame sensors and a water pump that autonomously locates and suppresses small fires in buildings.,ROS,Flame Sensor,Arduino,Camera,Python
78,Digital Twin for Smart City Infrastructure,Smart Cities/AI,Creates a real-time virtual model of city infrastructure using IoT sensor data for simulation planning and predictive maintenance.,Python,IoT,Digital Twin,Cloud,GIS
79,AI-Based Pneumonia Detection from Chest X-Ray,Healthcare/AI,Detects pneumonia in chest X-ray images using CNN transfer learning trained on public radiograph datasets for clinical decision support.,Python,CNN,TensorFlow,CheXpert,Medical Imaging
80,Smart Mangrove Ecosystem Monitor,Environment/IoT,Monitors salinity water level temperature and biodiversity indicators in mangrove ecosystems using IoT sensors for conservation management.,Sensors,LoRa,Python,Cloud,GIS
81,Autonomous Pavement Marking Robot,Transportation/Robotics,A robot that autonomously refreshes faded road lane markings using GPS path guidance and a paint spray mechanism.,ROS,GPS,Arduino,Camera,Python
82,AI-Powered Social Media Crisis Detector,Social Technology/AI,Identifies early signals of public crises like disease outbreaks or disasters from social media streams using NLP trend analysis.,Python,NLP,BERT,Twitter API,Dash
83,Smart Hydroponics with AI Nutrient Optimizer,Agriculture/AI,Optimizes nutrient solution composition for hydroponic crops using ML models that analyze plant growth images and sensor data.,Python,ML,IoT,pH Sensor,OpenCV
84,Blockchain-Based Voting for Student Elections,Blockchain/Education,Implements a transparent tamper-proof student election voting system using blockchain ensuring vote secrecy and verifiability.,Solidity,Ethereum,React,Web3.js,IPFS
85,AI-Based Sign Language Glove Translator,Accessibility/AI,A sensor-embedded glove that captures finger and wrist positions and translates sign language into text and speech using ML.,Flex Sensors,IMU,Arduino,ML,Android
86,Smart Autonomous Irrigation Canal Gate,Agriculture/IoT,Automatically opens and closes irrigation canal gates based on upstream water level sensor data and downstream demand signals.,Arduino,Water Level Sensor,Servo,IoT,SCADA
87,AI-Based Rare Earth Element Detector,Mining/AI,Identifies rare earth element presence in geological samples from spectroscopy data using ML classification for mining exploration.,Python,Spectroscopy,ML,Scikit-learn,Mineral Dataset
88,Edge AI for Real-Time Traffic Sign Recognition,Automotive/AI,Deploys a CNN-based traffic sign recognition model on an edge device in vehicles for real-time driver assistance.,Python,TensorFlow Lite,Edge AI,Camera,Embedded C
89,Smart Water Pump Energy Optimizer,Water Management/Energy,Schedules water pump operation during off-peak electricity hours using demand prediction and tariff data to reduce operational energy costs.,Python,ML,IoT,SCADA,Optimization
90,Robotic Pill Dispensing System for Hospitals,Healthcare/Robotics,Automates medication dispensing in hospitals by picking sorting and delivering correct medications to patient beds using a robotic arm.,ROS,Barcode,Arduino,Python,Database
91,AI-Based Deepfake News Article Detector,AI/Media,Detects AI-generated or manipulated news articles using linguistic pattern analysis and source credibility scoring with NLP models.,Python,NLP,BERT,Scikit-learn,Flask
92,Smart Earthquake-Resilient Building Design Tool,Civil/AI,Recommends seismically resilient structural designs by simulating building responses to earthquakes using FEA and ML optimization.,ANSYS,MATLAB,FEA,ML,Simulation
93,Autonomous Crop Harvesting Robot,Agriculture/Robotics,A vision-guided robot that detects ripe fruits or vegetables and harvests them without human intervention using a soft robotic gripper.,ROS,OpenCV,CNN,Soft Gripper,Python
94,AI-Powered Drug Dosage Calculator,Healthcare/AI,Calculates personalized drug dosages for patients based on weight age renal function and drug interactions using ML and pharmacokinetic models.,Python,ML,Pharmacokinetics,Flask,Drug DB
95,Smart Bridge Weigh-in-Motion System,Transportation/IoT,Measures vehicle axle loads and speeds on bridges using piezoelectric sensors enabling weigh-in-motion without stopping vehicles.,Piezoelectric,DAQ,Python,ML,Analytics
96,Cybersecurity Awareness Training Game,Cybersecurity/EdTech,An interactive gamified cybersecurity training platform that teaches phishing password safety and social engineering defense through simulated scenarios.,Unity,C#,Web,Gamification,Flask
97,AI-Based Sports Performance Analyzer,Sports/AI,Analyzes athlete movement from video using pose estimation to provide biomechanical insights injury risk scores and performance coaching.,Python,MediaPipe,ML,OpenCV,Flask
98,Smart Irrigation Scheduling Using Weather Prediction,Agriculture/AI,Integrates 7-day weather forecasts with soil moisture sensor data to schedule irrigation only when rainfall is insufficient.,Python,Weather API,ML,IoT,Arduino
99,Blockchain-based Medical Record Management,Healthcare/Blockchain,Gives patients ownership of their medical records on a blockchain enabling secure and consent-based sharing with healthcare providers.,Solidity,IPFS,React,HL7,Web3.js
100,AI-Powered Furniture Layout Optimizer,AI/Architecture,Recommends optimal furniture arrangements for room layouts based on user preferences dimensions and ergonomic space planning principles.,Python,ML,Floor Plan API,Flask,Optimization
101,Smart Indoor Farming Tower for Urban Homes,Agriculture/IoT,A compact automated vertical growing tower for home use that controls LED lighting watering and nutrients for year-round fresh produce.,Arduino,LED,Pump,Sensors,Android
102,AI-Based Flood Damage Assessment from Satellite,Disaster Management/AI,Estimates flood damage extent and affected area from pre and post-disaster satellite imagery using semantic segmentation models.,Python,U-Net,Remote Sensing,GIS,TensorFlow
103,Smart Building Material Strength Tester,Civil/IoT,Measures compressive and tensile strength of construction material samples using IoT-connected load cells and reports results digitally.,Load Cell,Arduino,IoT,Cloud,Analytics
104,Autonomous Security Patrol Robot,Security/Robotics,A wheeled robot that autonomously patrols premises detecting intruders using thermal cameras and sending alerts with location data.,ROS,Thermal Camera,LiDAR,Python,GSM
105,AI-Based Air Traffic Control Conflict Detector,Aerospace/AI,Detects potential aircraft collision conflicts from radar track data using ML to assist air traffic controllers with resolution advisories.,Python,ML,Radar Data,Simulation,C++
106,Smart Composting Machine for Households,Environment/IoT,An automated indoor composting unit that shreds mixes and monitors temperature and moisture to accelerate decomposition of kitchen waste.,Arduino,Temperature Sensor,Shredder,Moisture Sensor,IoT
107,Wearable Seizure Detection and Alert Device,Healthcare/AI,Detects epileptic seizures from accelerometer and EEG signals in a wristband and immediately alerts caregivers with GPS location.,EEG,IMU,Arduino,ML,GSM
108,AI-Powered Predictive Policing Dashboard,Smart Cities/AI,Analyzes historical crime data weather and demographic information to predict crime hotspots for proactive law enforcement deployment.,Python,ML,GIS,Dash,Crime Dataset
109,Smart Autonomous Shopping Cart,Retail/Robotics,A self-navigating shopping cart that follows shoppers in stores scans items automatically and enables self-checkout without queuing.,ROS,RFID,Camera,Python,SLAM
110,AI-Based Ocean Current Forecaster,Marine/AI,Predicts ocean current patterns using historical satellite altimetry and buoy data with LSTM models for shipping route optimization.,Python,LSTM,TensorFlow,Satellite Data,MATLAB
111,Smart Multi-Gas Detector for Miners,Mining/Safety,A wearable multi-gas detection device that measures CO methane H2S and oxygen levels underground and triggers alerts when limits are exceeded.,Gas Sensors,Arduino,GSM,BLE,Android
112,AI-Based Protein Structure Predictor,Biomedical/AI,Predicts protein folding structures from amino acid sequences using deep learning to accelerate drug discovery and enzyme engineering.,Python,AlphaFold,BioPython,ML,HPC
113,Smart EV Battery Health Monitor,EV/IoT,Continuously monitors EV battery cell voltages temperatures and state of charge to predict degradation and remaining useful life.,BMS,IoT,ML,Python,CAN Bus
114,Augmented Reality Heritage Site Restoration,AR/Culture,Overlays digital reconstructions of historically damaged heritage buildings on smartphones for immersive cultural tourism experiences.,ARCore,Unity,C#,3D Models,Android
115,AI-Based Crop Stress Detection from NDVI,Agriculture/AI,Detects crop water stress nutrient deficiency and disease from NDVI time-series satellite data using ML classifiers.,Python,GIS,NDVI,ML,Remote Sensing
116,Smart IoT-based Beekeeping Alert System,Agriculture/IoT,Detects queen loss colony collapse and theft in beehives using weight temperature and acoustic sensors sending farmer SMS alerts.,Arduino,Weight Sensor,Microphone,GSM,IoT
117,Autonomous Robotic Pool Cleaner,Robotics/Environment,An autonomous underwater robot that maps and cleans swimming pools removing dirt algae and debris using suction and brushes.,Arduino,Ultrasonic,Camera,Python,Motor Driver
118,AI-Based Depression Severity Classifier,Healthcare/AI,Classifies depression severity from patient speech transcripts and vocal features using NLP and acoustic ML models.,Python,NLP,BERT,Librosa,ML
119,Smart Traffic Data Collection Pole,Transportation/IoT,A smart roadside pole with embedded sensors that counts vehicles measures speed and classifies vehicle types for traffic analytics.,Radar Sensor,Arduino,IoT,Cloud,Dashboard
120,Decentralized Autonomous Energy Community,Renewable Energy/Blockchain,Enables community microgrids to operate autonomously with peer-to-peer energy trading and governance using DAOs and smart contracts.,Blockchain,Solidity,Smart Meter,IoT,React
121,AI-Based Cyber Phishing URL Detector,Cybersecurity/AI,Identifies phishing URLs by analyzing domain features URL structure and web page content using ML classification models.,Python,ML,NLP,URL Dataset,Flask
122,Smart Robotic Surgical Assistant,Healthcare/Robotics,Assists surgeons by holding tools adjusting instrument angles and providing augmented overlays during minimally invasive procedures.,ROS,Camera,IMU,AR Overlay,Python
123,AI-Based Solar Irradiance Nowcasting,Renewable Energy/AI,Predicts short-term solar irradiance for the next 15 to 60 minutes using cloud motion vectors from sky cameras and LSTM models.,Python,LSTM,Sky Camera,TensorFlow,Weather Data
124,Smart Construction Site Safety Monitor,Construction/IoT,Monitors worker PPE compliance and proximity to hazard zones on construction sites using computer vision and real-time alerts.,Python,OpenCV,CNN,IoT,Camera
125,AI-Driven Gene Expression Analysis,Biomedical/AI,Identifies differentially expressed genes and biological pathways from RNA-seq data using ML models for disease biomarker discovery.,Python,Bioinformatics,R,ML,RNA-seq Dataset
126,Autonomous Underwater Pipe Inspection Robot,Marine/Robotics,Inspects submerged oil and gas pipelines for corrosion cracks and biofouling using cameras and ultrasonic sensors from inside the pipe.,ROS,Ultrasonic,Camera,Python,Embedded C
127,Smart Gym Trainer with CV Feedback,Sports/AI,Provides real-time exercise form correction and rep counting by analyzing gym exercise videos using pose estimation models.,Python,MediaPipe,CNN,OpenCV,Flask
128,AI-Based Poultry Mortality Predictor,Agriculture/AI,Predicts abnormal poultry mortality events from environmental sensor data and flock behavior patterns to enable early farmer intervention.,Python,ML,IoT,Sensors,Random Forest
129,Smart Modular Floating Solar Farm,Renewable Energy/IoT,Monitors energy output of floating solar panels on water bodies using IoT sensors and optimizes tilt angle with motorized actuators.,IoT,Solar Panel,Arduino,Motor,Cloud
130,AI-Based Employee Burnout Predictor,HR/AI,Predicts employee burnout risk from productivity metrics communication patterns and self-reported data using ML for HR early intervention.,Python,ML,NLP,Flask,HR Dataset
131,Smart Autonomous Road Pothole Filler,Transportation/Robotics,A road maintenance robot that detects fills and levels potholes autonomously using a material dispenser and vision-guided navigation.,ROS,OpenCV,GPS,Arduino,Python
132,AI-Based Tumor Microenvironment Analyzer,Biomedical/AI,Analyzes spatial gene expression data to characterize tumor microenvironments using ML aiding cancer immunotherapy research.,Python,Bioinformatics,ML,Spatial Transcriptomics,R
133,Smart Portable Solar Charger Station,Renewable Energy/IoT,A deployable solar-powered charging station for mobile devices in disaster zones or off-grid areas with usage monitoring.,Solar Panel,Battery,Arduino,IoT,Display
134,AI-Based Automated Legal Contract Review,AI/Legal,Extracts flags and summarizes high-risk clauses in legal contracts using NLP and named entity recognition for quick legal review.,Python,NLP,BERT,Clause Detection,Flask
135,Smart Automated Vertical Parking System,Transportation/Robotics,A robotic car parking system that stacks vehicles in multi-level vertical racks maximizing parking capacity in urban spaces.,ROS,PLC,Servo,Camera,Python
136,Wearable Air Quality Monitor for Hikers,Environment/IoT,A wristband that measures PM2.5 ozone and CO along hiking trails providing pollution exposure summaries and route alerts.,Arduino,PM2.5,Ozone Sensor,BLE,Android
137,AI-Based Demand Forecasting for Retail Chains,Retail/AI,Forecasts product demand across retail locations using historical sales weather and promotional data to minimize stock-outs and overstocking.,Python,LSTM,XGBoost,Retail Dataset,Pandas
138,Smart Underwater Coral Reef Monitor,Marine/IoT,Monitors temperature pH light and fish biodiversity at coral reef sites using underwater IoT nodes transmitting to surface gateways.,Sensors,Underwater Housing,LoRa,Python,Cloud
139,Autonomous Pipe Laying Robot,Civil/Robotics,A robot that autonomously excavates trenches lays utility pipes and backfills them in road construction projects using GPS guidance.,ROS,GPS,Excavation,Arduino,Python
140,AI-Powered Investment Portfolio Advisor,FinTech/AI,Recommends personalized investment portfolios based on risk profile market conditions and financial goals using ML and modern portfolio theory.,Python,ML,Finance API,Flask,Optimization
141,Smart Portable Dental Diagnosis Device,Healthcare/AI,A handheld oral scanner that captures tooth images and uses AI to detect cavities gum disease and oral cancer indicators.,Python,CNN,Camera,Android,Medical Imaging
142,IoT-Based Cold Storage Farm Produce Monitor,Agriculture/IoT,Monitors temperature humidity and ethylene levels in cold storage facilities for fruits and vegetables reducing post-harvest losses.,DHT22,Ethylene Sensor,Arduino,IoT,Cloud
143,AI-Based Classroom Lecture Quality Assessor,EdTech/AI,Analyzes lecture recordings for speech clarity content coverage and student engagement signals to score and improve teaching quality.,Python,NLP,Speech Recognition,ML,Flask
144,Smart Autonomous Campus Shuttle,Transportation/AI,A driverless electric shuttle that navigates campus roads using LiDAR GPS and cameras providing scheduled and on-demand transport.,ROS,LiDAR,GPS,Python,EV
145,AI-Based Drug Expiry Date Scanner,Healthcare/AI,Scans drug packaging labels using OCR and CV to extract and verify expiry dates alerting pharmacists to near-expired stock.,Python,OCR,OpenCV,TensorFlow,Mobile App
146,Smart Stormwater Overflow Predictor,Civil/AI,Predicts combined sewer overflow events from rainfall and flow sensor data using ML to help utilities prevent water body pollution.,Python,ML,IoT,Sensors,GIS
147,Robotic Liquid Biopsy Sample Handler,Biomedical/Robotics,A laboratory robot that processes blood samples for liquid biopsy analysis including centrifugation aliquoting and labeling automatically.,ROS,Python,Lab Automation,Sensors,Database
148,AI-Based Fake Product Review Detector,E-Commerce/AI,Detects fake and incentivized product reviews on e-commerce platforms using behavioral signals writing patterns and NLP classifiers.,Python,NLP,BERT,Scikit-learn,Flask
149,Smart Building Façade Crack Detector,Civil/AI,Detects and maps cracks on building facades from drone imagery using semantic segmentation for maintenance prioritization.,Python,U-Net,Drone,OpenCV,GIS
150,AI-Based Music Composition Assistant,AI/Creative,Assists musicians in composing melodies by generating chord progressions and melodic continuations using transformer models trained on MIDI data.,Python,Transformer,MIDI,Magenta,Flask
151,Smart Emergency Evacuation Guide System,Safety/IoT,Guides building occupants to safe exits during fires or emergencies using IoT-connected illuminated signs and crowd-aware routing.,Arduino,LED Guides,IoT,Sensors,BLE
152,AI-Based Multi-Language Speech Translator,AI/Accessibility,Translates spoken language from one language to another in near real time using ASR translation and TTS models.,Python,Whisper,HuggingFace,TTS,Flask
153,Smart Autonomous Seed Bomber Drone,Agriculture/Robotics,A drone that drops seed pods into deforested or degraded areas following a GPS-planned flight path for large-scale reforestation.,Drone,GPS,Python,Seed Pod Mechanism,ROS
154,Blockchain-Based Charity Donation Tracker,Social Technology/Blockchain,Tracks donation flows from donors to beneficiaries on a blockchain ensuring transparency and proving aid delivery accountability.,Solidity,Ethereum,React,Web3.js,IPFS
155,AI-Based Parkinson's Voice Diagnosis,Healthcare/AI,Diagnoses Parkinson's disease from voice recordings by extracting MFCC and jitter features and applying ML classifiers.,Python,Librosa,MFCC,ML,Flask
156,Smart Underground Water Leak Detector,Water Management/IoT,Detects underground water main leaks using acoustic vibration sensors and correlation analysis to locate leak positions without digging.,Acoustic Sensor,Arduino,Signal Processing,IoT,ML
157,AI-Based Aquifer Recharge Zone Identifier,Environment/AI,Identifies optimal groundwater recharge zones from geology soil type and rainfall data using ML and GIS for watershed management.,Python,GIS,ML,Remote Sensing,QGIS
158,Smart Adaptive Traffic Light System,Transportation/IoT,Adjusts traffic signal phases based on real-time vehicle queue lengths from camera detection to reduce intersection delay.,Python,OpenCV,CNN,Raspberry Pi,Signal Controller
159,AI-Based Biomass Energy Potential Estimator,Renewable Energy/AI,Estimates biomass energy potential of agricultural residues from satellite land cover data and crop production statistics using ML.,Python,Remote Sensing,ML,GIS,Biomass Dataset
160,Smart Autonomous Boat for Lake Mapping,Marine/Robotics,An autonomous surface vehicle that maps shallow lake bathymetry using GPS and sonar sensors for hydrological studies.,ROS,Sonar,GPS,Python,Arduino
161,AI-Based Financial Stress Indicator for SMEs,FinTech/AI,Predicts financial distress in small businesses using accounting ratios cash flow patterns and payment behavior with ML classifiers.,Python,ML,XGBoost,FinTech Dataset,Flask
162,Smart Anti-Counterfeiting Label System,Security/Blockchain,Embeds blockchain-verified digital watermarks in product labels that consumers can scan to confirm authenticity instantly.,Blockchain,QR Code,Solidity,React,Digital Watermark
163,AI-Based Drug Adverse Effect Predictor,Healthcare/AI,Predicts adverse drug reactions for new compound combinations using molecular feature ML models trained on pharmacovigilance databases.,Python,ML,RDKit,Bioinformatics,Drug Dataset
164,Smart Automated Liquid Level Controller,Industrial Automation/IoT,Maintains precise liquid levels in industrial tanks by controlling inlet and outlet valves via PID controller based on ultrasonic level sensor.,Arduino,Ultrasonic,PID,Relay,SCADA
165,AI-Based Hate Speech Detector for Social Media,AI/Social,Identifies hate speech offensive content and abuse in multilingual social media posts using transformer-based NLP classifiers.,Python,BERT,NLP,HuggingFace,Flask
166,Smart Urban Bicycle Sharing Optimization,Smart Cities/AI,Optimizes bike-sharing dock rebalancing using demand prediction models and routing algorithms to minimize empty or full stations.,Python,ML,OR-Tools,Maps API,Dashboard
167,Wearable Continuous Blood Pressure Cuffless Monitor,Healthcare/IoT,Estimates blood pressure continuously from PPG signals using pulse transit time and ML models without an inflatable cuff.,PPG Sensor,Arduino,ML,BLE,Android
168,AI-Based Automated X-ray Baggage Screener,Security/AI,Detects prohibited items like weapons explosives and contraband in X-ray baggage scans using object detection networks.,Python,YOLO,TensorFlow,X-ray Dataset,Edge AI
169,Smart Precision Dairy Farming System,Agriculture/IoT,Monitors individual cow milk yield health status estrus detection and feeding using IoT wearables and a farm management AI.,IoT,Sensors,ML,Cloud,Android
170,AI-Based Legal Contract Clause Extractor,AI/Legal,Automatically extracts and categorizes key contract clauses like termination payment and liability from legal documents using NLP.,Python,NLP,BERT,Regex,Flask
171,Smart Autonomous Boat for Algae Harvesting,Agriculture/Robotics,An autonomous boat that detects algae bloom locations using CV and GPS and harvests algae for biofuel or fertilizer production.,ROS,Camera,GPS,Python,Conveyor
172,AI-Based Radiology Report Error Detector,Healthcare/AI,Checks radiology reports for inconsistencies measurement errors and missing critical findings using NLP models trained on clinical reports.,Python,NLP,BERT,Medical NLP,Flask
173,Smart Portable ECG Patch with AI Interpretation,Healthcare/IoT,A disposable ECG patch that transmits heart rhythm data via BLE to a smartphone app that interprets it using AI for arrhythmia detection.,ECG Patch,BLE,Python,ML,Android
174,AI-Based Climate Change Adaptation Planner,Climate Technology/AI,Recommends climate adaptation strategies for coastal cities by modeling sea level rise flood risk and infrastructure vulnerability with ML.,Python,GIS,ML,Climate Dataset,QGIS
175,Smart Autonomous Mail Sorting Robot,Logistics/Robotics,Sorts postal mail by ZIP code and size automatically using barcode scanning and a robotic arm conveyor system.,ROS,Barcode,Camera,Python,Servo
176,Blockchain-based Digital Art Marketplace,Blockchain/Creative,A decentralized NFT marketplace where digital artists mint sell and trade art with smart contract-enforced royalties.,Solidity,IPFS,React,Web3.js,Ethereum
177,AI-Based Satellite Orbit Prediction System,Aerospace/AI,Predicts satellite orbital trajectories using ML models calibrated on historical TLE data to improve conjunction and debris avoidance.,Python,ML,SGP4,Orbital Mechanics,TensorFlow
178,Smart Portable Soil Nutrient Analyzer,Agriculture/IoT,Measures soil nitrogen phosphorus and potassium levels on-the-spot using spectroscopy and outputs fertilizer recommendations via mobile app.,Spectroscopy,Arduino,ML,Android,Soil DB
179,AI-Based Code Refactoring Assistant,Software/AI,Suggests code quality improvements code smell fixes and architectural refactoring by analyzing software repositories using ML.,Python,AST,CodeBERT,NLP,Flask
180,Smart Early Warning System for Tsunamis,Disaster Management/IoT,Detects seafloor displacement and pressure anomalies using deep-sea sensors and sends coastal tsunami warnings within minutes.,Pressure Sensor,Acoustic Modem,Satellite,Python,Alert System
181,AI-Based Automatic Photo Colorization,AI/Creative,Automatically adds realistic color to black-and-white historical photographs using generative adversarial networks trained on color images.,Python,GAN,TensorFlow,Colorization Dataset,Flask
182,Smart Hydropower Plant Monitoring System,Renewable Energy/IoT,Monitors turbine speed water flow vibration and power output in hydropower plants and predicts maintenance needs.,Sensors,SCADA,IoT,Python,ML
183,AI-Based Predicting Student Dropout Risk,EdTech/AI,Identifies students at risk of dropping out using academic engagement socioeconomic and behavioral data enabling early counseling interventions.,Python,ML,Scikit-learn,EdTech Dataset,Flask
184,Smart Automated Sprinkler for Forest Fire Prevention,Environment/IoT,Activates forest perimeter sprinklers when temperature wind and humidity sensors indicate high fire risk conditions.,Arduino,Sensors,Relay,IoT,GSM
185,AI-Based Earthquake Aftershock Predictor,Disaster Management/AI,Predicts aftershock probabilities and locations after a major earthquake using seismic history and ML probabilistic models.,Python,ML,Seismic Dataset,GIS,TensorFlow
186,Smart Digital Stethoscope with AI Diagnosis,Healthcare/AI,Records and analyzes heart and lung sounds using FFT and ML to detect murmurs wheezes and crackles for remote diagnosis.,Arduino,Microphone,ML,FFT,Android
187,AI-Based Counterfeit Currency Detector,Security/AI,Detects counterfeit banknotes from UV and visible light scanned images using CNN classifiers for use in banking and retail.,Python,CNN,OpenCV,UV Scanner,TensorFlow
188,Smart Microplastics Water Filter Monitor,Environment/IoT,Monitors microplastic contamination in water filters and pipes using optical sensors and alerts when filter replacement is needed.,Optical Sensor,Arduino,IoT,Cloud,ML
189,AI-Based Personalized Travel Recommendation Engine,AI/Tourism,Recommends travel destinations experiences and itineraries based on user preferences budget season and past trips using ML.,Python,Recommendation System,NLP,Flask,Tourism Dataset
190,Smart Precision Livestock Feeding System,Agriculture/IoT,Dispenses precise feed rations to individual livestock based on weight age and production stage using RFID identification and actuated feeders.,RFID,Arduino,IoT,ML,Cloud
191,AI-Based Automated Sign Language Tutor,Accessibility/EdTech,Teaches sign language interactively by capturing learner gestures and providing feedback using hand landmark detection and classifier models.,Python,MediaPipe,ML,Flask,OpenCV
192,Smart Low-Cost Air Quality Egg Sensor,Environment/IoT,A compact low-cost air quality sensor device shaped as an egg measuring PM2.5 CO2 and VOCs for neighborhood-level pollution monitoring.,Arduino,PM2.5,VOC,BLE,Android
193,AI-Based Seismic Hazard Mapping Platform,Disaster Management/AI,Generates probabilistic seismic hazard maps from geological and historical seismicity data using ML for urban risk assessment.,Python,GIS,ML,Seismic Dataset,QGIS
194,Smart Robotic Arm for Disabled Kitchen Use,Accessibility/Robotics,A robotic arm mounted on kitchen counters that assists people with limb disabilities in food preparation and cooking tasks.,ROS,Arduino,CV,Voice Control,Python
195,AI-Based Wildlife Poaching Alert System,Environment/AI,Detects poaching activity in protected wildlife reserves from camera trap images and gunshot audio using AI classifiers.,Python,CNN,Librosa,Edge AI,GSM
196,Smart Portable Ultrasound Device with AI,Healthcare/AI,A low-cost portable ultrasound probe connected to a smartphone with AI-based image interpretation for point-of-care diagnostics.,Ultrasound Probe,Python,CNN,Android,Medical Imaging
197,AI-Based Spacecraft Fault Detection System,Aerospace/AI,Detects anomalies in spacecraft telemetry streams using LSTM autoencoders to identify system faults before mission failure.,Python,LSTM,Autoencoder,TensorFlow,Telemetry Data
198,Smart Autonomous Road Sweeper Robot,Transportation/Robotics,A robot that autonomously sweeps and vacuums litter from city streets using GPS-defined routes and rotating brushes.,ROS,GPS,Arduino,Brush Motor,Python
199,AI-Based Fake News Source Credibility Ranker,AI/Media,Ranks news sources by credibility using web scraping historical accuracy tracking and ML models for media literacy support.,Python,NLP,Scikit-learn,Web Scraping,Flask
200,Smart Zero-Energy Building Automation System,Energy Systems/IoT,Manages a building's energy generation storage and consumption to achieve net-zero energy balance using predictive IoT control.,IoT,BMS,ML,HVAC,Solar Panel
201,Smart Algae Bioreactor for Carbon Capture,Climate Technology/Environment,Designs a controlled algae bioreactor that absorbs atmospheric CO2 using photosynthesis while producing biomass for biofuel.,Bioreactor,CO2 Sensor,Arduino,IoT,Python
202,AI-Based Forest Biomass Estimator,Environment/AI,Estimates forest biomass carbon stock from LiDAR and satellite data using ML regression for forest carbon inventory purposes.,Python,LiDAR,Remote Sensing,ML,GIS
203,Smart Autonomous Robotic Painter,Manufacturing/Robotics,A robotic arm that autonomously applies paint coatings to industrial surfaces uniformly using a vision-guided spray control system.,ROS,Camera,Spray Nozzle,Python,Arduino
204,AI-Based Early Preterm Birth Predictor,Healthcare/AI,Predicts preterm birth risk in pregnant women from clinical and sensor data using ML enabling early preventive interventions.,Python,ML,Healthcare Dataset,Flask,Wearable
205,Smart Tidal Gate Controller for Flood Management,Civil/IoT,Automatically adjusts tidal barrier gate positions based on tide level forecasts and storm surge predictions to protect coastal lowlands.,Arduino,Water Level Sensor,Servo,IoT,SCADA
206,AI-Based Personalized Meditation Coach,Healthcare/AI,Adapts meditation session length technique and guidance based on real-time heart rate variability and stress level biofeedback from a wearable.,Python,ML,BLE,HRV Sensor,Android
207,Smart Fuel Cell Power System Monitor,Energy Systems/IoT,Monitors hydrogen pressure cell temperature current and voltage in fuel cell systems and detects degradation for preventive maintenance.,Sensors,Arduino,IoT,ML,Cloud
208,Autonomous Robotic Tunnel Inspection System,Civil/Robotics,Inspects road and rail tunnel walls and roofs for cracks water ingress and structural defects using a rail-mounted inspection robot.,ROS,Camera,Ultrasonic,Python,ML
209,AI-Based Multilingual Customer Support Agent,AI/E-Commerce,Handles customer service queries in multiple languages using LLM-based conversational AI integrated with product and order databases.,Python,LLM,NLP,Flask,API
210,Smart Road Ice Detection and Alert System,Transportation/IoT,Detects icy road conditions using temperature humidity and friction sensors embedded in roads and alerts drivers via connected vehicle systems.,Temperature Sensor,Arduino,IoT,V2X,GSM
211,AI-Based Tumor Recurrence Risk Predictor,Healthcare/AI,Predicts cancer recurrence risk post-treatment from pathology imaging and genomic features using ensemble ML models.,Python,ML,Genomics,Medical Imaging,TensorFlow
212,Smart Automated Greenhouse Gas Monitor,Environment/IoT,Measures and logs CO2 methane and nitrous oxide emissions from farms factories and landfills using IoT gas sensors for reporting.,Gas Sensors,Arduino,LoRa,IoT,Cloud
213,AI-Based Image-Based Food Calorie Estimator,Healthcare/AI,Estimates calorie content of a meal from a smartphone photo using CV and a food volume estimation algorithm with a nutrition database.,Python,CNN,OpenCV,Nutrition DB,Android
214,Smart Autonomous Lawnmower with Solar Charging,Agriculture/Robotics,A solar-charging autonomous lawnmower that maps the garden cuts in patterns and returns to charge when battery is low.,Solar Panel,GPS,Arduino,ROS,BLE
215,Blockchain-Based Academic Research Data Registry,Education/Blockchain,Creates a timestamped immutable registry of research datasets and findings on blockchain to prevent data fraud and enable reproducibility.,Solidity,IPFS,React,Web3.js,Metadata
216,AI-Based Air Quality Forecast for Cities,Environment/AI,Predicts city-level air quality index for the next 24 to 72 hours using weather data traffic density and emission inventories with ML.,Python,LSTM,Weather API,AQI Dataset,Dash
217,Smart Adaptive Streetlight System,Smart Cities/IoT,Dims or brightens streetlights based on pedestrian and vehicle presence ambient light levels and scheduled events to optimize energy use.,PIR,LDR,Arduino,LoRa,IoT
218,AI-Based Structural Crack Severity Classifier,Civil/AI,Classifies crack width depth and pattern in structures from photographs using CNN to guide maintenance priority decisions.,Python,CNN,TensorFlow,Crack Dataset,OpenCV
219,Smart Modular Micro-Wind Turbine,Renewable Energy/IoT,A compact urban micro-wind turbine with IoT energy monitoring adjustable blade pitch and grid tie-in for rooftop installation.,Wind Turbine,Arduino,MPPT,IoT,Cloud
220,AI-Based Antimicrobial Resistance Predictor,Healthcare/AI,Predicts antimicrobial resistance patterns of bacterial isolates from genomic sequences using ML to guide targeted antibiotic prescribing.,Python,Bioinformatics,ML,Genomics,AMR Dataset
221,Smart Wearable for Athlete Heat Stress Prevention,Sports/IoT,Tracks core temperature heart rate and sweat rate in athletes using wearable sensors to prevent heat exhaustion during training.,IMU,Temperature Sensor,BLE,Arduino,Android
222,AI-Based Forest Fire Behavior Simulator,Environment/AI,Simulates wildfire spread dynamics using terrain wind and fuel moisture data with ML-calibrated cellular automata for emergency planning.,Python,Simulation,GIS,ML,Wildfire Dataset
223,Smart Autonomous Rubbish Sorting Conveyor,Environment/Robotics,A conveyor belt system with overhead cameras and robotic arms that sorts waste into categories automatically using CV classifiers.,Python,CNN,OpenCV,ROS,Servo
224,AI-Based Automated Essay Feedback System,EdTech/AI,Provides automated feedback on student essays covering grammar coherence argument strength and originality using NLP scoring models.,Python,NLP,BERT,Scikit-learn,Flask
225,Smart Portable Medical Diagnosis Kit,Healthcare/IoT,A compact kit integrating blood glucose ECG SpO2 and temperature sensors that uploads patient readings to a cloud health record.,Arduino,Sensors,BLE,Cloud,Android
226,AI-Based Adaptive Game Difficulty Engine,Gaming/AI,Dynamically adjusts game difficulty level based on player skill performance and engagement metrics using reinforcement learning.,Python,RL,TensorFlow,Game Engine,Unity
227,Smart Autonomous Chemical Dosing System,Water Management/IoT,Automatically doses correct quantities of chlorine and pH adjustment chemicals in water treatment plants based on real-time sensor feedback.,Dosing Pump,pH Sensor,Arduino,IoT,SCADA
228,AI-Based Autonomous Vehicle Pedestrian Behavior Predictor,Autonomous Vehicles/AI,Predicts pedestrian movement trajectories at crossings using social force models and LSTM networks for safer AV path planning.,Python,LSTM,TensorFlow,Pedestrian Dataset,Simulation
229,Smart Photovoltaic Tracking System,Renewable Energy/IoT,Rotates solar panels using a dual-axis motorized tracker aligned to the sun's position using LDR sensors and astronomical algorithms.,Arduino,LDR,Servo,GPS,IoT
230,AI-Based Rare Disease Diagnosis Support,Healthcare/AI,Supports clinicians diagnosing rare diseases by matching patient symptom profiles to rare disease ontologies using NLP and ML.,Python,NLP,BERT,Orphanet,Flask
231,Smart Community Water ATM,Water Management/IoT,Dispenses treated potable water in rural communities using RFID or mobile payment with real-time quality monitoring and usage logging.,RFID,Arduino,Water Sensors,GSM,Cloud
232,AI-Based Adversarial Attack Detector for ML Models,Cybersecurity/AI,Detects adversarial input perturbations targeted at deep learning models using input transformation and detection network defenses.,Python,TensorFlow,Adversarial Detection,CNN,ML
233,Smart Building Information Modeling Platform,Construction/AI,Combines BIM data with IoT sensor streams to monitor building performance identify deficiencies and plan energy retrofits.,BIM,Revit,IoT,Python,Cloud
234,AI-Based Multilingual Legal Translation Tool,AI/Legal,Translates legal documents between languages preserving technical terminology and legal nuance using fine-tuned neural machine translation.,Python,NMT,HuggingFace,BERT,Flask
235,Smart Marine Pollution Tracking Buoy,Marine/Environment,A drift buoy that measures oil spill extent water chemistry and current direction transmitting data to coastguard pollution tracking systems.,Sensors,LoRa,GPS,Python,Cloud
236,AI-Based Pandemic Preparedness Planner,Healthcare/AI,Evaluates pandemic preparedness of healthcare systems using scenario modeling and ML to identify capacity gaps and resource needs.,Python,Simulation,ML,Healthcare Data,Dash
237,Smart Automated Seed Germination Incubator,Agriculture/IoT,Controls temperature humidity and light inside a seed germination chamber to optimize germination rates for different crop species.,Arduino,DHT22,LED,IoT,Android
238,AI-Based Autism Spectrum Disorder Screening Tool,Healthcare/AI,Screens children for ASD risk using behavioral video analysis facial expression recognition and parent questionnaire data.,Python,OpenCV,CNN,ML,Android
239,Smart Robotic Exoskeleton for Elderly Mobility,Healthcare/Robotics,Provides powered joint assistance to elderly individuals for walking and stair climbing using actuated hip and knee joints with IMU feedback.,Arduino,IMU,Servo,EMG,ROS
240,Blockchain-Based E-Waste Recycling Tracker,Environment/Blockchain,Tracks e-waste from collection to certified recycling on a blockchain rewarding responsible disposal with digital tokens.,Blockchain,Solidity,QR Code,React,IPFS
241,AI-Based 3D Building Reconstruction from Images,Architecture/AI,Reconstructs 3D building models from multiple 2D photographs using structure-from-motion and neural radiance field techniques.,Python,NeRF,Photogrammetry,OpenCV,3D Reconstruction
242,Smart Autonomous Hazardous Chemical Spill Responder,Safety/Robotics,A remote-operated robot that detects chemical spill type deploys neutralizing agents and seals leak sources in industrial accidents.,ROS,Chemical Sensor,Spray Arm,Python,Camera
243,AI-Based Text Simplification for Low Literacy Users,Accessibility/AI,Simplifies complex government and health documents into plain readable language using NLP paraphrasing models for low-literacy populations.,Python,NLP,BART,HuggingFace,Flask
244,Smart Energy Efficient Data Center Cooler,Cloud Computing/Energy,Manages data center cooling dynamically using AI to predict server heat loads and activate cooling systems with minimal energy waste.,Python,ML,SCADA,IoT,Cloud
245,AI-Based Optimal Route Planner for Emergency Vehicles,Smart Cities/AI,Plans fastest real-time routes for ambulances fire trucks and police vehicles by predicting traffic and pre-clearing signals.,Python,Maps API,RL,IoT,Traffic Signals
246,Smart Pipeline Pigging Robot,Industrial Automation/Robotics,An autonomous pipeline pig robot that cleans inspects and measures internal pipe conditions during scheduled maintenance operations.,ROS,Sensors,Ultrasonic,Python,Embedded C
247,AI-Based Automated Inventory Management for Warehouses,Logistics/AI,Tracks warehouse inventory in real time using computer vision and RFID predicting restocking needs and optimizing picking routes.,Python,CV,RFID,ML,WMS
248,Smart Adaptive Hearing Aid,Healthcare/AI,Enhances speech intelligibility in noisy environments by using ML to separate speech from noise and adapt amplification in real time.,Python,DSP,ML,Hearing Aid Hardware,BLE
249,AI-Based Phishing Email Body Analyzer,Cybersecurity/AI,Analyzes email body text headers and embedded links using NLP and ML to classify phishing attempts with high accuracy.,Python,NLP,BERT,Email Dataset,Flask
250,Smart Indoor Positioning for Hospitals,Healthcare/IoT,Tracks patient staff and equipment locations inside hospital buildings using BLE beacons and trilateration for workflow optimization.,BLE Beacons,Python,Trilateration,Android,Dashboard
251,AI-Based Customer Lifetime Value Predictor,E-Commerce/AI,Predicts long-term customer lifetime value from purchase history browsing behavior and demographic data using ML for marketing optimization.,Python,XGBoost,Pandas,ML,Flask
252,Smart Portable Water Testing Lab,Water Management/IoT,Tests water for 10+ parameters including heavy metals bacteria and nitrates using a portable electrochemical sensor kit with mobile reporting.,Sensors,Arduino,BLE,Android,Chemistry
253,AI-Based Autonomous Drone Package Drop Accuracy,Logistics/AI,Improves drone delivery drop accuracy using CV-based landing zone detection and wind-corrected trajectory planning.,Python,OpenCV,CNN,Drone SDK,GPS
254,Smart Vertical Axis Wind Turbine for Buildings,Renewable Energy/IoT,Mounts a vertical axis wind turbine on building rooftops with IoT monitoring of output torque and RPM for urban energy generation.,VAWT,Arduino,Generator,IoT,Cloud
255,AI-Based Suspicious Activity Detection in Banking,FinTech/AI,Monitors banking transactions in real time and flags suspicious patterns using graph-based anomaly detection and NLP on transaction memos.,Python,Graph ML,NLP,FinTech Dataset,TensorFlow
256,Smart Capsule Endoscopy AI Analysis,Healthcare/AI,Automatically analyzes images from capsule endoscopy procedures using CNN to detect polyps bleeding and lesions in the GI tract.,Python,CNN,TensorFlow,Medical Imaging,Endoscopy Dataset
257,Autonomous Anti-Drone Defense System,Security/AI,Detects classifies and neutralizes unauthorized drones in restricted airspace using radar acoustic and RF sensing with autonomous counter-measures.,Python,ML,Radar,RF Sensor,ROS
258,Smart Photovoltaic Fault Diagnosis,Renewable Energy/AI,Diagnoses faults in solar PV arrays including shading bypass diode failure and soiling from IV curve analysis using ML classifiers.,Python,ML,IV Tracer,IoT,Scikit-learn
259,AI-Based Conflict Zone Mapping from News,AI/Social,Maps conflict and crisis zones worldwide from multilingual news articles using NLP NER and GIS geocoding for humanitarian response.,Python,NLP,BERT,GIS,Maps API
260,Smart Adaptive Prosthetic Ankle Joint,Healthcare/Robotics,An active prosthetic ankle that adapts its stiffness and torque profile to the user's gait and terrain using real-time IMU sensing.,IMU,Arduino,Actuator,ML,Embedded C
261,AI-Based Predictive Quality Control for Food Production,Food Technology/AI,Predicts product quality defects during food manufacturing from process sensor data using ML to trigger early corrective actions.,Python,ML,Sensors,IoT,Production Dataset
262,Smart Urban Green Infrastructure Planner,Smart Cities/AI,Recommends placement of urban trees parks and green roofs using heat island data stormwater models and ML for city livability improvement.,Python,GIS,ML,Remote Sensing,QGIS
263,Autonomous Underwater Seabed Mapper,Marine/Robotics,Maps seabed topography and sediment composition using a multibeam sonar-equipped AUV for oceanographic and offshore engineering studies.,ROS,Multibeam Sonar,GPS,Python,Embedded C
264,AI-Based Human Gait Rehabilitation Monitor,Healthcare/AI,Tracks gait parameters of stroke patients during physiotherapy using wearable IMUs and ML to quantify rehabilitation progress.,IMU,Arduino,ML,BLE,Android
265,Smart Automated Parking Pricing System,Transportation/AI,Dynamically prices parking based on real-time demand occupancy time of day and event schedules to reduce congestion and maximize revenue.,Python,ML,IoT,Sensors,Dashboard
266,AI-Based Orbital Debris Tracker,Aerospace/AI,Tracks and predicts trajectories of space debris objects using radar data and ML improving satellite collision avoidance decisions.,Python,ML,Orbital Mechanics,Radar Data,TensorFlow
267,Smart Crop Insurance Parametric Platform,Agriculture/FinTech,Automates crop insurance payouts based on satellite rainfall and yield index triggers without field inspection using blockchain smart contracts.,Blockchain,Satellite Data,Solidity,React,IoT
268,AI-Based Cyberbullying Severity Classifier,Cybersecurity/AI,Classifies cyberbullying severity in online messages from mild harassment to severe threats using multi-label NLP classifiers.,Python,NLP,BERT,HuggingFace,Flask
269,Smart Universal Remote Control for Disabled,Accessibility/IoT,A single adaptive controller using eye gaze breath and switch inputs enabling people with severe disabilities to control all smart home devices.,Eye Tracking,BLE,Arduino,Android,Smart Home
270,AI-Based Satellite Launch Window Optimizer,Aerospace/AI,Computes optimal satellite launch windows considering orbital mechanics weather constraints and range safety using ML optimization.,Python,ML,Orbital Mechanics,MATLAB,Optimization
271,Smart Portable Electroencephalography Headset,Healthcare/IoT,Records EEG brainwave signals wirelessly during daily activities enabling mental workload stress and focus assessment in real-world settings.,EEG,BLE,Python,Signal Processing,Android
272,AI-Based Fuel Consumption Optimizer for Ships,Marine/AI,Predicts optimal ship speed and routing to minimize fuel consumption using weather route and cargo data with ML models.,Python,ML,Weather API,Marine Dataset,Flask
273,Smart Drip Coffee Machine with Personalization,IoT/Consumer,A coffee machine that remembers brew strength volume and timing preferences for each household member via NFC card identification.,Arduino,NFC,Servo,BLE,Android
274,AI-Based Automated Literature Review Tool,EdTech/AI,Searches clusters and summarizes research papers on a given topic using NLP and citation graph analysis to accelerate literature reviews.,Python,NLP,BERT,Semantic Scholar API,Flask
275,Smart Biogas Plant Monitoring System,Renewable Energy/IoT,Monitors biogas production rates methane content pressure and temperature in anaerobic digesters for optimized waste-to-energy conversion.,Gas Sensor,Arduino,IoT,Cloud,SCADA
276,AI-Based Automatic Speech Therapy Coach,Healthcare/AI,Provides personalized speech therapy exercises and feedback for stuttering and articulation disorders using ASR and acoustic analysis.,Python,ASR,NLP,ML,Android
277,Smart Autonomous Snow Plow Robot,Transportation/Robotics,An autonomous snow clearing vehicle that follows predefined routes using GPS and LIDAR to clear driveways and sidewalks after snowfall.,ROS,GPS,LiDAR,Arduino,Python
278,Blockchain-Based Cross-Border Remittance System,FinTech/Blockchain,Enables instant low-fee international money transfers using stablecoins and smart contracts bypassing traditional correspondent banking.,Solidity,Stablecoin,React,Web3.js,Ethereum
279,AI-Based Skin Disease Teledermatology Platform,Healthcare/AI,Allows patients to photograph skin conditions and receive AI-based preliminary assessments before connecting with a dermatologist remotely.,Python,CNN,TensorFlow,Flask,Android
280,Smart Automated Beekeeping Hive Scale,Agriculture/IoT,Continuously weighs beehives using load cells to track colony growth nectar flow and swarming events without disturbing bees.,Load Cell,Arduino,IoT,Cloud,Android
281,AI-Based 3D Point Cloud Object Segmentation,AI/Robotics,Segments and classifies 3D point cloud data from LiDAR scans into object categories for autonomous navigation and mapping.,Python,PointNet,LiDAR,TensorFlow,KITTI
282,Smart Noise-Adaptive Road Traffic Signal,Transportation/IoT,Adjusts traffic signal green durations based on queue length horn noise level and pedestrian requests for equitable signal timing.,Microphone,Arduino,IoT,ML,Signal Controller
283,AI-Based Air-to-Air Missile Trajectory Optimizer,Aerospace/AI,Simulates and optimizes missile guidance trajectories using reinforcement learning models for aerospace defense research and education.,Python,RL,Simulation,MATLAB,Aerodynamics
284,Smart Automated Tidal Energy Converter,Renewable Energy/IoT,Monitors and controls a tidal stream generator adjusting blade pitch based on current speed to maximize energy extraction.,Tidal Turbine,Arduino,IoT,Python,ML
285,AI-Based Drug Combination Synergy Predictor,Biomedical/AI,Predicts synergistic anticancer drug pair combinations using molecular fingerprint ML models to guide combination therapy decisions.,Python,ML,RDKit,Drug Synergy Dataset,TensorFlow
286,Smart Wearable Hydration Level Monitor,Healthcare/IoT,Estimates real-time hydration status from sweat electrolyte concentration using a flexible wearable biosensor patch with a companion app.,Biosensor,BLE,Arduino,Android,ML
287,AI-Based Graffiti and Vandalism Detector,Smart Cities/AI,Detects graffiti and vandalism on public surfaces from CCTV images using CNN and notifies city maintenance departments for rapid removal.,Python,CNN,OpenCV,TensorFlow,Dashboard
288,Smart Water Efficient Dishwasher Controller,Energy Systems/IoT,Optimizes dishwasher water and energy usage by sensing soil level on dishes and adjusting wash cycle intensity accordingly.,Turbidity Sensor,Arduino,IoT,ML,Embedded C
289,AI-Based Autonomous Spacecraft Attitude Controller,Aerospace/AI,Controls spacecraft attitude using reaction wheels and ML-based controllers trained with reinforcement learning for precise pointing.,Python,RL,Simulation,MATLAB,Control Systems
290,Smart Urban Air Mobility Traffic Manager,Transportation/AI,Manages flight paths scheduling and conflict avoidance for urban air mobility vehicles like eVTOLs in low-altitude airspace.,Python,ML,Simulation,Air Traffic API,ROS
291,AI-Based Multilabel Medical Image Classifier,Healthcare/AI,Classifies chest X-rays for multiple conditions simultaneously including cardiomegaly pleural effusion and pneumothorax using multi-label CNN.,Python,CNN,TensorFlow,CheXNet,Medical Imaging
292,Smart Portable Respiratory Monitor,Healthcare/IoT,Measures respiratory rate tidal volume and SpO2 using a wearable chest patch for COPD and asthma patient home monitoring.,Respiratory Sensor,BLE,Arduino,Android,Cloud
293,AI-Based Construction Cost Estimator,Construction/AI,Estimates construction project costs from architectural drawings and BOQ using ML trained on historical project cost databases.,Python,NLP,CV,ML,Construction Dataset
294,Smart Autonomous Grocery Restocking System,Retail/Robotics,A robot that scans retail shelves using cameras identifies out-of-stock products and autonomously retrieves and restocks items from back storage.,ROS,Camera,CNN,Arduino,RFID
295,AI-Based COVID-19 Variant Predictor,Healthcare/AI,Predicts emerging COVID-19 variant fitness from spike protein mutation patterns using ML models trained on genomic surveillance databases.,Python,Bioinformatics,ML,Genomics,GISAID
296,Smart Adaptive Noise Cancelling Headphones,Consumer/AI,Headphones that adaptively cancel noise based on environmental sound classification using an on-board ML model for optimal listening.,Python,DSP,ML,Audio Processing,Embedded C
297,Blockchain-Based Insurance Claim Processor,FinTech/Blockchain,Automates insurance claim assessment and payout using smart contracts connected to verified data oracles reducing processing time.,Solidity,Chainlink,Ethereum,React,Web3.js
298,AI-Based Pavement Temperature Stress Predictor,Transportation/AI,Predicts thermal stress cracking in asphalt pavements from climate data and pavement material properties using ML regression.,Python,ML,Climate Data,Material Science,MATLAB
299,Smart Contactless Library Book Return Kiosk,Education/IoT,Allows library users to return books by placing them in a kiosk that scans ISBNs demagnetizes RFID tags and updates records automatically.,RFID,Barcode,Arduino,Django,MySQL
300,AI-Based Optical Flow Estimation for Videos,AI/Vision,Estimates dense optical flow between consecutive video frames using deep learning for motion analysis video stabilization and action recognition.,Python,FlowNet,OpenCV,TensorFlow,Video Dataset
301,Smart Geothermal Heat Pump Monitor,Renewable Energy/IoT,Monitors COP flow rates and ground loop temperatures in geothermal heat pump installations optimizing settings for peak efficiency.,Sensors,Arduino,IoT,ML,Dashboard
302,AI-Based Crop Rotation Advisor,Agriculture/AI,Recommends optimal crop rotation sequences based on soil nutrient depletion disease history and market price data using ML.,Python,ML,Soil Dataset,Flask,Optimization
303,Smart Cyber Range Training Platform,Cybersecurity/EdTech,Provides realistic simulated cyber attack and defense scenarios in an isolated virtual network for IT security professional training.,Python,Virtualization,Kali Linux,Docker,Network Simulation
304,AI-Based Human Crowd Behavior Analyzer,Smart Cities/AI,Analyzes crowd movement patterns density and flow from video to detect unusual behavior and predict crowd crush risks.,Python,CV,LSTM,OpenCV,TensorFlow
305,Smart Portable Braille Smartwatch,Accessibility/IoT,A smartwatch that displays notifications messages and time in refreshable Braille on the wrist for deafblind individuals.,Arduino,Braille Display,BLE,Android,IoT
306,AI-Based Automated Code Translation System,Software/AI,Translates source code between programming languages like Python to Java or C to Python using transformer-based code models.,Python,CodeBERT,Transformer,HuggingFace,Flask
307,Smart Autonomous Fruit Ripeness Sorter,Food Technology/Robotics,Sorts harvested fruits by ripeness using near-infrared spectroscopy and computer vision to automate post-harvest grading.,NIR Sensor,OpenCV,CNN,ROS,Servo
308,AI-Based Multi-Modal Fake News Detector,AI/Media,Detects misinformation by analyzing both textual content and associated images using multimodal transformer models.,Python,CLIP,BERT,Multimodal ML,TensorFlow
309,Smart Low-Cost Spirometry Device,Healthcare/IoT,Measures lung function parameters like FEV1 and FVC using a low-cost flow sensor and provides results on a mobile app for COPD screening.,Flow Sensor,Arduino,BLE,Android,ML
310,AI-Based Automatic Satellite Image Labeler,AI/Remote Sensing,Automatically generates semantic labels for satellite imagery tiles using semi-supervised learning reducing manual annotation effort.,Python,Semi-Supervised,CNN,Remote Sensing,Label Dataset
311,Smart Modular Floating Wetland,Environment/IoT,Constructs floating artificial wetlands with embedded sensors monitoring nutrient removal rates and biodiversity to treat agricultural runoff.,Sensors,Arduino,IoT,Water Chemistry,Cloud
312,AI-Based Automated Chess Commentator,AI/Gaming,Generates real-time natural language commentary for chess games by analyzing board positions and move significance using NLP.,Python,Chess Engine,NLP,BERT,Flask
313,Smart Glove for Tactile VR Feedback,VR/IoT,Provides realistic tactile feedback during VR experiences using vibration actuators and force feedback motors in a glove controller.,VR SDK,Haptic Actuators,BLE,Unity,C#
314,AI-Based Language Proficiency Assessment Tool,EdTech/AI,Evaluates a learner's language proficiency in speaking reading and writing using NLP and ASR models for automated scoring.,Python,ASR,NLP,BERT,Flask
315,Smart Autonomous Indoor Mapping Robot,Robotics/IoT,Creates detailed 2D and 3D maps of indoor environments using LiDAR and SLAM for facilities management and robot navigation.,ROS,LiDAR,SLAM,Python,Raspberry Pi
316,AI-Based Skin Cancer Risk Stratifier,Healthcare/AI,Stratifies skin cancer risk from patient questionnaire data sun exposure history and skin lesion images using ensemble ML models.,Python,CNN,Scikit-learn,Flask,ISIC Dataset
317,Smart Autonomous Substation Inspection Robot,Energy Systems/Robotics,Inspects electrical substation equipment for thermal anomalies corona discharge and oil leaks using autonomous robot with thermal and acoustic sensors.,ROS,Thermal Camera,Acoustic,Python,ML
318,AI-Based Customer Sentiment Dashboard for Retail,Retail/AI,Aggregates and visualizes customer sentiment from reviews social media and support tickets in a real-time NLP-powered analytics dashboard.,Python,NLP,BERT,Dash,Elasticsearch
319,Smart Portable Vitals Monitor for Ambulances,Healthcare/IoT,Records ECG SpO2 blood pressure and temperature in ambulances transmitting vitals in real time to receiving hospital emergency teams.,Sensors,BLE,4G,Android,Cloud
320,Blockchain-Based Electricity Meter Audit,Energy Systems/Blockchain,Records electricity meter readings and billing data on blockchain ensuring tamper-proof audit trails for energy utilities and regulators.,Solidity,Smart Meter,Ethereum,React,Web3
321,AI-Based Radiotherapy Treatment Plan Optimizer,Healthcare/AI,Optimizes radiation dose distribution plans to maximize tumor kill while minimizing exposure to surrounding healthy organs using ML.,Python,Optimization,Medical Imaging,ML,TensorFlow
322,Smart Offshore Wind Farm Remote Monitor,Renewable Energy/IoT,Remotely monitors turbine health power output and environmental conditions in offshore wind farms via satellite-connected IoT.,Satellite IoT,Sensors,SCADA,Python,ML
323,AI-Based Automated Sign Board Translator,Accessibility/AI,Translates text on physical signs from a foreign language to the user's preferred language using OCR and NMT via smartphone camera.,Python,OCR,NMT,Android,HuggingFace
324,Smart Underground Cable Fault Locator,EEE/IoT,Detects and locates faults in underground electrical cables using time-domain reflectometry measurements transmitted via IoT.,TDR,Arduino,IoT,Python,Signal Processing
325,AI-Based Nutrient Deficiency Detector in Plants,Agriculture/AI,Identifies plant nutrient deficiencies from leaf color and texture patterns in images using CNN to guide fertilization decisions.,Python,CNN,OpenCV,TensorFlow,Plant Dataset
326,Smart Heat-Stress Warning System for Urban Areas,Climate Technology/IoT,Predicts dangerous urban heat stress conditions using IoT weather stations and warns vulnerable populations with targeted alerts.,Arduino,Temperature Sensor,IoT,ML,Android
327,AI-Based Optimal Wind Farm Layout Designer,Renewable Energy/AI,Optimizes the spatial layout of wind turbines in a wind farm using ML and computational fluid dynamics to maximize energy yield.,Python,CFD,ML,Optimization,MATLAB
328,Smart Adaptive Traffic Ramp Metering System,Transportation/IoT,Controls on-ramp entry rates to highways using real-time traffic density data from loop detectors to prevent congestion wave formation.,Loop Detector,Arduino,PLC,ML,SCADA
329,AI-Based Colorectal Polyp Detector in Colonoscopy,Healthcare/AI,Detects and localizes colorectal polyps in colonoscopy video frames in real time using YOLO-based object detection for clinical support.,Python,YOLO,TensorFlow,Colonoscopy Dataset,Medical CV
330,Smart Bioremediation Monitoring System,Environment/IoT,Monitors pollutant degradation rates in bioremediation sites using soil and water sensors tracking microbial activity and contaminant levels.,Sensors,Arduino,IoT,Cloud,Analytics
331,AI-Based Warehouse Order Fulfillment Optimizer,Logistics/AI,Optimizes pick path routing and task assignment in warehouses using RL agents reducing order fulfillment time and worker fatigue.,Python,RL,TensorFlow,WMS,Optimization
332,Smart Vibration Energy Harvesting IoT Node,Energy Systems/IoT,Powers IoT sensor nodes from ambient vibration energy using piezoelectric harvesters eliminating the need for battery replacement.,Piezoelectric,Energy Harvesting,Arduino,IoT,Sensor Node
333,AI-Based Fake Social Media Profile Detector,Social Technology/AI,Identifies bot-generated and fake social media accounts using ML trained on behavioral network and linguistic features.,Python,ML,NLP,Social Media API,Scikit-learn
334,Smart Automated Library Shelving Robot,Education/Robotics,A library robot that autonomously returns books to their correct shelf positions using barcode scanning and 3D maps of the library.,ROS,Barcode,Camera,Python,Arduino
335,AI-Based Real-Time Sports Commentary Generator,Sports/AI,Generates live match commentary in natural language by processing sports event data and player statistics using NLP and LLMs.,Python,LLM,NLP,Sports API,Flask
336,Smart IoT-Based Aquifer Monitoring Network,Water Management/IoT,Monitors water table levels in a distributed network of borewells providing real-time groundwater availability maps for water managers.,Ultrasonic,LoRa,Arduino,Cloud,GIS
337,AI-Based Automatic Chest X-Ray Report Generator,Healthcare/AI,Generates structured radiology reports from chest X-ray images using image captioning models and medical NLP trained on clinical datasets.,Python,CNN,LSTM,TensorFlow,CheXpert
338,Smart Fog-Based Freshwater Collection System,Water Management/Environment,Collects freshwater from coastal fog using mesh nets and monitors collection rate temperature and humidity with IoT sensors.,Mesh Net,Arduino,Sensors,IoT,Analytics
339,AI-Based Satellite Rainfall Estimation,Environment/AI,Estimates ground-level rainfall from satellite microwave and infrared data using deep learning for ungauged basin hydrology.,Python,CNN,Satellite Data,GIS,TensorFlow
340,Smart Automated Document Digitization System,Software/AI,Scans physical documents extracts text using OCR and organizes content into structured searchable databases automatically.,Python,OCR,Tesseract,NLP,MySQL
341,AI-Based Building Permit Application Screener,Smart Cities/AI,Screens building permit applications for completeness regulatory compliance and conflict using NLP and rule engines to speed up approval.,Python,NLP,Rule Engine,Flask,Government DB
342,Smart Modular Air Quality Purifier Pod,Environment/IoT,A standalone pod with HEPA UV-C and activated carbon filters that monitors indoor air quality and auto-adjusts purification based on sensor levels.,HEPA,UV-C,Sensors,Arduino,BLE
343,AI-Based Geomagnetic Storm Predictor,Aerospace/AI,Predicts geomagnetic storm intensity from solar wind and magnetometer data using LSTM models to protect power grids and satellites.,Python,LSTM,Solar Wind Data,NOAA API,TensorFlow
344,Smart Portable Neonatal Jaundice Detector,Healthcare/IoT,Estimates bilirubin levels in newborns non-invasively using a skin optical sensor eliminating the need for blood tests.,Optical Sensor,Arduino,BLE,Android,ML
345,AI-Based Automated Student Admission Screener,EdTech/AI,Scores and ranks student applications for college admission based on academic transcripts essays and activity records using ML.,Python,NLP,ML,Flask,University Dataset
346,Smart Autonomous Mine Survey UAV,Mining/Robotics,Surveys open-pit mine face geometries using a photogrammetry drone producing volumetric calculations for excavation planning.,Drone,Photogrammetry,GPS,Python,3D Mapping
347,AI-Based Time-Series Anomaly Detector for IoT,IoT/AI,Detects sensor data anomalies in IoT networks using transformer-based time series models to trigger maintenance or security alerts.,Python,Transformer,TensorFlow,MQTT,Time Series Dataset
348,Smart Emergency SOS Smart Jacket,Safety/Wearable,A jacket with embedded GPS and fall detection that automatically sends an SOS message with location to emergency contacts on impact.,Arduino,GPS,GSM,IMU,BLE
349,AI-Based Multilingual Hate Crime Incident Mapper,AI/Social,Detects and geocodes hate crime incidents from multilingual news and social media using NER and GIS for law enforcement analysis.,Python,NLP,BERT,GIS,Maps API
350,Smart Passive House Ventilation Controller,Energy Systems/IoT,Controls heat recovery ventilation in passive houses based on CO2 VOC and humidity sensors to maintain air quality while minimizing energy loss.,CO2 Sensor,Arduino,Relay,IoT,HRV Unit
351,AI-Based Automated Grading of Gemstones,Manufacturing/AI,Classifies gemstone quality color clarity and cut from macro photographs using CNN for automated jewelry grading and certification.,Python,CNN,OpenCV,TensorFlow,Gemstone Dataset
352,Smart Retractable Urban Flood Barrier,Civil/IoT,Deploys inflatable or hinged flood barriers automatically when water level sensors in streets detect rising water above threshold.,Sensors,Actuator,Arduino,IoT,SCADA
353,AI-Based Predictive Aircraft Maintenance,Aerospace/AI,Predicts aircraft component failures from sensor and maintenance log data using ML to optimize scheduled maintenance and reduce AOG events.,Python,ML,MATLAB,Aviation Dataset,TensorFlow
354,Smart Passive Water Leak Acoustic Detector,Water Management/IoT,Attaches to household pipes and continuously monitors acoustic signatures to detect leak sounds before visible water damage occurs.,Acoustic Sensor,Arduino,BLE,Android,Signal Processing
355,AI-Based Optical Inspection of Circuit Boards,Manufacturing/AI,Inspects PCBs for solder defects component misplacement and track breaks from high-resolution images using deep learning.,Python,CNN,OpenCV,TensorFlow,PCB Dataset
356,Smart Real-Time Avalanche Beacon Tracker,Safety/IoT,Improves avalanche rescue by tracking beacon signals from buried victims on a 3D map using triangulation from multiple rescue beacons.,BLE,GPS,Arduino,Android,Triangulation
357,AI-Based Stress Level Monitor from HRV,Healthcare/AI,Estimates real-time stress levels from heart rate variability features extracted from smartwatch PPG data using ML classifiers.,Python,HRV,ML,BLE,Android
358,Smart Autonomous Fertilizer Spreader,Agriculture/Robotics,A variable-rate fertilizer spreading robot that applies fertilizer amounts according to prescription maps from soil sensor surveys.,ROS,GPS,Spreader,Arduino,Python
359,AI-Based Construction Progress Tracker from Photos,Construction/AI,Tracks construction site progress by comparing periodic drone photos with BIM models using computer vision for project management.,Python,CV,BIM,Drone,OpenCV
360,Smart Automated Aquatic Weed Management Boat,Environment/Robotics,An autonomous boat that detects and mechanically removes invasive aquatic weeds from waterways using CV-guided cutting mechanisms.,ROS,Camera,Cutter,GPS,Python
361,AI-Based Sleep Disorder Classifier,Healthcare/AI,Classifies sleep disorders including insomnia sleep apnea and narcolepsy from polysomnography recordings using deep learning.,Python,CNN,LSTM,Sleep Dataset,TensorFlow
362,Smart Precision Viticulture Management System,Agriculture/IoT,Monitors vine water stress berry ripeness and disease pressure in vineyards using IoT sensors and drone imagery for precision management.,Drone,IoT,NDVI,Sensors,Python
363,AI-Based Automated Port Container Inspector,Logistics/AI,Inspects shipping container contents from X-ray scans using object detection to identify contraband or undeclared cargo.,Python,YOLO,TensorFlow,X-ray Dataset,Edge AI
364,Smart Digital Flood Resilience Platform,Disaster Management/Software,Provides real-time flood risk maps evacuation route planning and resource allocation tools for city emergency managers using GIS and IoT.,GIS,IoT,Python,Maps API,Django
365,AI-Based Optical Flow for Crowd Size Estimation,Smart Cities/AI,Estimates crowd size and density in public events from video feeds using optical flow and regression models for safety management.,Python,Optical Flow,CNN,OpenCV,TensorFlow
366,Smart Automated Train Wheel Inspection System,Transportation/IoT,Inspects passing train wheels for flat spots cracks and flange wear using trackside laser and camera sensors and ML classification.,Laser Sensor,Camera,ML,Python,Database
367,AI-Based Precision Medicine Dosing Engine,Healthcare/AI,Personalizes medication dosing regimens for individual patients using pharmacokinetic-pharmacodynamic modeling and ML optimization.,Python,PK/PD Models,ML,Healthcare Dataset,Flask
368,Smart Modular Bioelectrochemical Wastewater Processor,Environment/IoT,Treats wastewater using bioelectrochemical systems that generate electricity from organic matter while removing pollutants with IoT monitoring.,BES System,Sensors,Arduino,IoT,Cloud
369,AI-Based Financial Report Anomaly Detector,FinTech/AI,Detects anomalies in corporate financial reports like unusual accounting entries and ratio deviations using ML for fraud prevention.,Python,ML,NLP,Financial Dataset,Pandas
370,Smart Autonomous Robotic Fruit Tree Pruner,Agriculture/Robotics,A robot that uses CV to identify and prune dead or overgrown branches in fruit orchards without human intervention.,ROS,OpenCV,CNN,Servo,Python
371,AI-Based Remote Monitoring of Power Lines,Energy Systems/AI,Detects power line faults conductor sagging and vegetation encroachment from drone imagery using semantic segmentation.,Python,Drone,U-Net,OpenCV,Power Line Dataset
372,Smart Portable Rapid Pathogen Test Device,Healthcare/IoT,A portable PCR or LAMP-based device that detects pathogens from nasal or saliva samples within 15 minutes uploading results to a health platform.,Biosensor,Arduino,BLE,Cloud,Android
373,AI-Based Predictive Routing for Postal Networks,Logistics/AI,Predicts optimal postal delivery routes for the next day using historical delivery time traffic and volume data with ML.,Python,ML,Maps API,OR-Tools,Logistics Dataset
374,Smart Grid-Interactive Building Controller,Energy Systems/IoT,Automatically responds to grid signals by adjusting building loads HVAC and storage to provide demand response services to grid operators.,BMS,IoT,Python,ML,SCADA
375,AI-Based Earthquake Ground Motion Predictor,Civil/AI,Predicts expected ground acceleration at a site from earthquake magnitude distance and local geology using ML-based attenuation models.,Python,ML,Seismic Dataset,GIS,TensorFlow
376,Smart Low-Power LoRa Environmental Sensor Node,Environment/IoT,A battery-powered environmental sensor node using LoRa for long-range data transmission ideal for remote ecological monitoring.,LoRa,Arduino,Solar Panel,Sensors,ThingSpeak
377,AI-Based Automated Food Contamination Detector,Food Technology/AI,Detects food contamination including foreign objects and mold from hyperspectral camera images using CNN for food safety inspection.,Python,CNN,Hyperspectral,TensorFlow,Food Dataset
378,Smart Demand-Responsive Public Transport System,Smart Cities/AI,Dynamically routes public minibuses based on real-time passenger demand from a mobile app using optimization algorithms.,Python,OR-Tools,Maps API,Android,GTFS
379,AI-Based Knee Osteoarthritis Grading from X-ray,Healthcare/AI,Grades knee osteoarthritis severity from X-ray images using CNN classifiers trained on KL-graded radiograph datasets.,Python,CNN,TensorFlow,OAI Dataset,Medical Imaging
380,Smart Autonomous Road Marking Detection System,Transportation/AI,Detects faded and missing road markings from dashcam videos using semantic segmentation to generate maintenance reports automatically.,Python,Semantic Segmentation,OpenCV,TensorFlow,Road Dataset
381,AI-Based Cognitive Load Estimator,EdTech/AI,Estimates learner cognitive load from pupil dilation EEG and interaction patterns during learning tasks using ML for adaptive interface design.,EEG,Eye Tracker,Python,ML,Flask
382,Smart Interactive AR Museum Guide,AR/Culture,An AR mobile app that recognizes museum artifacts using image recognition and overlays historical information 3D reconstructions and audio narrations.,ARCore,Python,CNN,Unity,C#
383,AI-Based Public Infrastructure Defect Reporter,Smart Cities/AI,Allows citizens to photograph infrastructure defects that are automatically classified located and routed to the responsible municipal department.,Python,CNN,OpenCV,GIS,Flask
384,Smart Photocatalytic Air Purifier Monitor,Environment/IoT,Monitors the efficiency of a photocatalytic air purifier by measuring input and output VOC and PM concentrations in real time.,VOC Sensor,PM2.5,Arduino,IoT,Analytics
385,AI-Based Autonomous Material Sorting for Recycling,Environment/AI,Autonomously sorts mixed recyclables on a conveyor using a combination of NIR spectroscopy and CV for high-purity material separation.,NIR,OpenCV,CNN,ROS,Conveyor
386,Smart Road Condition Assessment Vehicle,Transportation/IoT,A vehicle mounted with cameras GPR and accelerometers that assesses road surface condition continuously during normal operation.,GPR,Accelerometer,OpenCV,GPS,Python
387,AI-Based Autonomous Wildfire Suppression UAV,Environment/Robotics,A fire-resistant UAV that autonomously locates fire fronts and delivers fire retardant payloads using thermal imaging and GPS.,Drone,Thermal Camera,Python,GPS,ROS
388,Smart Cold Plasma Air Sterilizer Monitor,Healthcare/IoT,Monitors the sterilization effectiveness of a cold plasma air purifier system measuring pathogen reduction using IoT-connected particle counters.,Particle Counter,Arduino,IoT,Cloud,Analytics
389,AI-Based Automated Taxonomy Classifier for Plants,Environment/AI,Classifies plant species from herbarium specimen images using deep learning for botanical digitization and biodiversity research.,Python,CNN,TensorFlow,Herbarium Dataset,OpenCV
390,Smart Wireless EV Charging Pad with Authentication,EV/IoT,Provides wireless inductive EV charging with NFC-based vehicle authentication and real-time energy transfer monitoring.,NFC,Inductive Charging,Arduino,IoT,Android
391,AI-Based Predictive Crop Irrigation Scheduler,Agriculture/AI,Schedules irrigation based on crop growth stage weather forecast and soil moisture prediction using LSTM-based soil water balance models.,Python,LSTM,Weather API,IoT,Soil Dataset
392,Smart Real-Time River Flood Monitor,Disaster Management/IoT,Deploys water level sensors along rivers transmitting data in real time to a flood prediction dashboard for emergency services.,Ultrasonic,LoRa,Arduino,Cloud,Dashboard
393,AI-Based Personalized Physiotherapy Plan Generator,Healthcare/AI,Generates customized physiotherapy exercise plans for musculoskeletal injury patients based on diagnosis movement assessment and recovery goals.,Python,ML,NLP,Flask,Healthcare Dataset
394,Smart Automated Chicken Egg Incubator,Agriculture/IoT,Maintains optimal incubation conditions for eggs by automatically controlling temperature humidity and egg turning cycles.,Arduino,DHT22,Servo,IoT,Android
395,AI-Based Customer Product Return Predictor,E-Commerce/AI,Predicts the likelihood of a product return at the time of purchase using buyer history product category and review sentiment.,Python,ML,XGBoost,E-Commerce Dataset,Flask
396,Smart Modular Off-Grid Power Station,Renewable Energy/IoT,A modular solar-wind-battery hybrid off-grid power system with IoT monitoring energy management and load shedding control.,Solar,Wind,Battery,Arduino,IoT
397,AI-Based Multi-Hazard Risk Assessment Tool,Disaster Management/AI,Assesses combined multi-hazard risk of earthquake flood and landslide for urban areas using spatial ML and GIS analysis.,Python,GIS,ML,Remote Sensing,QGIS
398,Smart Cold Chain Pharmaceutical Shipper,Healthcare/IoT,Monitors temperature humidity and shock during pharmaceutical shipments and provides a blockchain-verified compliance certificate on delivery.,Temperature Sensor,Shock Sensor,IoT,Blockchain,Android
399,AI-Based Ocean Acidification Impact Predictor,Marine/AI,Predicts the impact of ocean acidification on coral reef and shellfish populations from pH temperature and CO2 trend data using ML.,Python,ML,Ocean Data,GIS,TensorFlow
400,Smart Building Seismic Isolation Monitor,Civil/IoT,Monitors the performance of base isolation systems in earthquake-prone buildings using accelerometers and displacement sensors during seismic events.,Accelerometer,Displacement Sensor,Arduino,IoT,Analytics
401,AI-Based Optimized Drone Delivery Network Planner,Logistics/AI,Plans optimal multi-drone delivery routes and recharging schedules for urban drone delivery networks using combinatorial optimization.,Python,OR-Tools,Maps API,RL,Drone SDK
402,Smart Indoor Air CO2 Demand-Controlled Ventilation,Energy Systems/IoT,Controls building ventilation rates dynamically based on room CO2 levels reducing fan energy while maintaining air quality standards.,CO2 Sensor,Arduino,Relay,IoT,BMS
403,AI-Based Fake Academic Paper Detector,EdTech/AI,Identifies AI-generated or plagiarized academic papers by analyzing statistical linguistic patterns and cross-referencing databases.,Python,NLP,BERT,Perplexity Detection,Flask
404,Smart Hydroponics Nutrient Film Technique Controller,Agriculture/IoT,Automates nutrient film circulation timing and composition adjustment in NFT hydroponic systems based on plant growth stage and EC readings.,Arduino,EC Sensor,pH Sensor,Pump,IoT
405,AI-Based Autonomous Driving Simulation Testbed,Autonomous Vehicles/AI,Builds a high-fidelity simulation testbed for testing autonomous vehicle perception and decision algorithms in virtual urban environments.,Python,CARLA,ROS,TensorFlow,Simulation
406,Smart Indoor Navigation for Museums,AR/IoT,Guides museum visitors through exhibits using BLE beacons and AR overlays on their smartphones displaying artifact information and directions.,BLE,ARCore,Android,Python,Flask
407,AI-Based Voice Clone Detector,Cybersecurity/AI,Identifies voice-cloned and synthesized speech by analyzing spectral artifacts and neural vocoder signatures using ML audio classifiers.,Python,Librosa,CNN,TensorFlow,Audio Dataset
408,Smart Real-Time Transformer Health Monitor,Energy Systems/IoT,Monitors winding temperature oil level dissolved gas and load current in power transformers for predictive maintenance planning.,DGA Sensor,Temperature,Arduino,IoT,ML
409,AI-Based Bird Species Identifier from Audio,Environment/AI,Identifies bird species from field audio recordings using CNN trained on spectrogram images for biodiversity monitoring.,Python,Librosa,CNN,TensorFlow,BirdCLEF Dataset
410,Smart Robotic Exoskeleton for Industrial Lifting,Manufacturing/Robotics,Reduces physical loading on workers during heavy lifting tasks by providing powered joint assistance using IMU and force sensor feedback.,IMU,Force Sensor,Arduino,Servo,Embedded C
411,AI-Based Solar Panel Soiling Predictor,Renewable Energy/AI,Predicts soiling accumulation rate on solar panels from dust aerosol and rainfall data to optimize cleaning schedules.,Python,ML,Weather Data,IoT,Optimization
412,Smart Autonomous Crop Field Sensor Deployment Robot,Agriculture/Robotics,A robot that autonomously places soil moisture and nutrient sensors at optimal locations in fields based on GIS soil maps.,ROS,GPS,Arduino,Sensor,Python
413,AI-Based Spoken Language Identification System,AI/NLP,Identifies the spoken language from short audio clips using acoustic feature extraction and deep learning for automatic speech routing.,Python,Librosa,CNN,TensorFlow,Multilingual Dataset
414,Smart Low-Cost Electrocardiogram Patch,Healthcare/IoT,A disposable self-adhesive ECG patch that continuously records heart rhythm and transmits wirelessly to a cloud for cardiologist review.,ECG Patch,BLE,Python,Cloud,Android
415,AI-Based Document Layout Analysis Tool,Software/AI,Automatically identifies and extracts structured regions like tables figures headings and paragraphs from scanned document images.,Python,Computer Vision,LayoutLM,OpenCV,PDF
416,Smart Autonomous Bee Pollinator Robot,Agriculture/Robotics,A miniature robot that physically transfers pollen between flowers in greenhouse crops mimicking bee pollination to boost yields.,Arduino,Fan Actuator,Camera,ROS,Python
417,AI-Based Automated Fashion Trend Forecaster,Retail/AI,Predicts upcoming fashion trends from runway social media and search data using multimodal ML and time-series analysis.,Python,CV,NLP,Trend Dataset,Flask
418,Smart Power Distribution Fault Indicator,Energy Systems/IoT,Installs smart fault indicators on medium-voltage distribution lines detecting and communicating fault direction to operators for rapid isolation.,Fault Indicator,IoT,LoRa,SCADA,Python
419,AI-Based Breast Density Classifier from Mammogram,Healthcare/AI,Classifies breast tissue density from mammograms using CNN to stratify cancer screening intervals and imaging modality recommendations.,Python,CNN,TensorFlow,Mammogram Dataset,Medical Imaging
420,Smart Home Energy Disaggregator,Energy Systems/AI,Identifies individual appliance energy footprints from aggregate smart meter readings using non-intrusive load monitoring algorithms.,Python,NILM,ML,Smart Meter,Pandas
421,AI-Based Route Planner for Visually Impaired,Accessibility/AI,Plans accessible pedestrian routes for visually impaired users considering curb cuts tactile surfaces and hazards with AI path planning.,Python,Maps API,Accessibility Data,TTS,Android
422,Smart Coastal Flood Early Warning Platform,Disaster Management/IoT,Integrates tide gauge storm surge model and rainfall data to issue coastal flood warnings with affected zone mapping.,IoT,Sensors,Python,GIS,Alert System
423,AI-Based Adaptive Quiz Generator for STEM,EdTech/AI,Generates dynamically adaptive STEM quiz questions tailored to student knowledge level using item response theory and ML.,Python,IRT,NLP,Flask,EdTech Dataset
424,Smart Portable Gas Turbine Diagnostic Tool,Industrial Automation/IoT,Measures vibration exhaust temperature and pressure in gas turbines using portable IoT instruments for field-based fault diagnosis.,Sensors,IoT,Python,MATLAB,ML
425,AI-Based Twitter Bot Network Detector,Cybersecurity/AI,Detects coordinated bot networks on social media using graph analysis temporal posting patterns and NLP on tweet content.,Python,NLP,Graph ML,Twitter API,ML
426,Smart Autonomous Bicycle Traffic Counter,Transportation/IoT,Counts passing cyclists on bike lanes using inductive loops or radar sensors logging data to a cloud for urban cycling infrastructure planning.,Radar Sensor,Arduino,IoT,Cloud,Analytics
427,AI-Based Skin Wound Healing Tracker,Healthcare/AI,Tracks wound healing progress from sequential smartphone photographs using wound area segmentation and color analysis models.,Python,U-Net,OpenCV,TensorFlow,Medical Imaging
428,Smart Hydrogen Production Electrolyzer Monitor,Renewable Energy/IoT,Monitors current efficiency gas purity and temperature in a PEM electrolyzer for green hydrogen production with real-time adjustment.,PEM Electrolyzer,Sensors,Arduino,IoT,SCADA
429,AI-Based Automated Subtitle Synchronizer,AI/Media,Automatically corrects subtitle timing mismatches in video files using speech recognition and alignment algorithms.,Python,Whisper,ASR,FFmpeg,NLP
430,Smart Portable Radiation Dosimeter,Safety/IoT,A wearable personal radiation dosimeter that measures accumulated radiation dose and sends alerts when exposure thresholds are exceeded.,Radiation Sensor,BLE,Arduino,Android,Cloud
431,AI-Based Real-Time Dermatoscopy Analysis,Healthcare/AI,Analyzes dermoscopy images captured by a smartphone attachment in real time providing melanoma risk scores to dermatologists.,Python,CNN,TensorFlow,ISIC Dataset,Android
432,Smart Tram Priority Signal Control,Transportation/IoT,Detects approaching trams using GPS or transponders and extends green signal phases along the route to minimize delay.,GPS,Transponder,Arduino,Signal Controller,IoT
433,AI-Based Personalized Sleep Coach,Healthcare/AI,Analyzes sleep patterns from wearable data and generates personalized sleep hygiene recommendations using ML models.,Python,ML,BLE,Wearable,Android
434,Smart Autonomous Coastline Erosion Monitor,Environment/Robotics,A drone that periodically photographs coastlines and uses AI to quantify shoreline changes over time for erosion tracking.,Drone,Python,Photogrammetry,GIS,CNN
435,AI-Based Microexpression Lie Detector,AI/Security,Detects deceptive micro-facial expressions from high-speed video using spatiotemporal CNN for law enforcement research applications.,Python,CNN,OpenCV,TensorFlow,Microexpression Dataset
436,Smart District Heating and Cooling Network Optimizer,Energy Systems/AI,Optimizes flow rates temperatures and pump schedules in district energy networks using ML demand forecasting to reduce energy loss.,Python,ML,SCADA,IoT,Optimization
437,AI-Based Automated Flight Delay Predictor,Transportation/AI,Predicts flight delays at major airports using historical schedule weather airspace and crew data with gradient-boosting ML models.,Python,XGBoost,Flight Data,Weather API,Flask
438,Smart Portable Hyperspectral Food Quality Scanner,Food Technology/IoT,Scans food items with a portable hyperspectral sensor to detect spoilage adulteration and nutritional content non-invasively.,NIR Sensor,Arduino,ML,Android,Spectroscopy
439,AI-Based Multi-Agent Autonomous Warehouse Packing,Logistics/AI,Coordinates multiple robotic agents to optimally pack items of varying shapes into shipping boxes using 3D bin packing algorithms.,Python,RL,ROS,3D Bin Packing,Simulation
440,Smart Building Occupancy-Aware HVAC Controller,Energy Systems/IoT,Uses occupancy sensing from cameras and CO2 sensors to run HVAC only in occupied zones reducing commercial building energy waste.,Camera,CO2 Sensor,BMS,ML,Python
441,AI-Based Acoustic Gunshot Localization System,Security/AI,Localizes gunshots in outdoor environments using an array of microphones and time-difference-of-arrival algorithms for security response.,Microphone Array,TDOA,Python,Signal Processing,ML
442,Smart Green Roof Runoff Monitor,Environment/IoT,Measures water retention and runoff volumes from green roofs using flow sensors and compares performance against conventional roofs.,Flow Sensor,Arduino,IoT,Cloud,Analytics
443,AI-Based Autonomous Highway Lane Changer,Autonomous Vehicles/AI,Plans safe lane changes on highways using front and side radar camera data and RL trained in a traffic simulator.,Python,RL,CARLA,Radar,Camera
444,Smart Carbon-Negative Concrete Mix Advisor,Construction/AI,Recommends carbon-negative concrete formulations using supplementary cementitious materials and CO2 curing based on performance requirements.,Python,ML,Material Science,Optimization,Flask
445,AI-Based Real-Time Surgical Tool Tracker,Healthcare/AI,Tracks surgical instrument positions and detects unintended movements during laparoscopic surgery from endoscope video using CV.,Python,OpenCV,YOLO,TensorFlow,Medical CV
446,Smart Saltwater Intrusion Alert System,Water Management/IoT,Monitors salinity in coastal freshwater aquifers using distributed sensors and alerts water utilities when seawater intrusion is detected.,EC Sensor,LoRa,Arduino,IoT,GIS
447,AI-Based Predictive Geotechnical Failure Monitor,Civil/AI,Predicts slope and embankment failure probability from pore pressure inclination and displacement sensor data using ML models.,Python,ML,Geotechnical Sensors,IoT,TensorFlow
448,Smart Autonomous Vineyard Monitoring Drone,Agriculture/Robotics,A drone that autonomously surveys vineyards capturing multispectral images for vine health assessment and disease mapping.,Drone,Multispectral,GPS,Python,NDVI
449,AI-Based Emotion-Aware Educational Video Pacer,EdTech/AI,Adjusts video lecture playback speed and pause frequency based on real-time learner emotion and engagement estimation from webcam.,Python,OpenCV,CNN,Flask,EdTech
450,Smart Portable Hydrogen Leak Detector,Safety/IoT,Detects hydrogen gas leaks in hydrogen refueling stations and fuel cell vehicles using electrochemical sensors with instant audible and remote alerts.,H2 Sensor,Arduino,GSM,BLE,IoT
451,AI-Based Multimodal Disaster Damage Classifier,Disaster Management/AI,Classifies disaster damage severity from satellite images social media text and IoT sensor data using a multimodal fusion model.,Python,CLIP,NLP,Remote Sensing,TensorFlow
452,Smart Portable Grain Moisture Meter,Agriculture/IoT,Measures grain moisture content using a capacitance sensor and advises farmers on drying requirements before storage.,Capacitance Sensor,Arduino,BLE,Android,ML
453,AI-Based Personalized Vocabulary Learning App,EdTech/AI,Learns user vocabulary gaps from reading history and generates targeted exercises using spaced repetition and NLP to accelerate language learning.,Python,NLP,Spaced Repetition,Flask,Android
454,Smart Public Toilet Hygiene Monitor,Smart Cities/IoT,Monitors cleanliness occupancy water availability and odor levels in public restrooms and notifies cleaning staff when service is needed.,Sensors,Arduino,IoT,Cloud,Dashboard
455,AI-Based Crowd-Sourced Pothole Map Generator,Transportation/AI,Aggregates pothole reports from vehicle accelerometers and user submissions to generate city-wide pothole severity maps for road authorities.,Python,ML,GIS,Android,Maps API
456,Smart Autonomous Underwater Kelp Farm Monitor,Marine/IoT,Monitors growth rate water temperature light and nutrient levels in an underwater kelp cultivation farm using submersible IoT sensors.,Submersible Sensors,LoRa,Python,Cloud,Analytics
457,AI-Based Psychoacoustic Hearing Test Platform,Healthcare/AI,Administers automated audiometric tests and processes results using ML to classify hearing loss type and severity for telehealth use.,Python,DSP,ML,Android,ASR
458,Smart Real-Time Fuel Leak Detection for Aircraft,Aerospace/IoT,Monitors fuel system pressure flow and vapor sensors in aircraft for leak detection and crew alerts during pre-flight and flight phases.,Pressure Sensor,IoT,CAN Bus,Python,Safety System
459,AI-Based Localization of Underground Utilities,Civil/AI,Maps underground utility lines from GPR and electromagnetic sensor data using ML interpretation to prevent excavation-related strikes.,GPR,Python,ML,GIS,Signal Processing
460,Smart Desertification Monitoring System,Environment/IoT,Tracks vegetation cover soil moisture albedo and wind erosion in dryland regions using IoT sensor networks and satellite data integration.,IoT,Satellite,Remote Sensing,Python,GIS
461,AI-Based Customer Complaint Pattern Analyzer,E-Commerce/AI,Identifies recurring complaint themes from unstructured customer support text using NLP topic modeling to prioritize product fixes.,Python,NLP,LDA,BERT,Flask
462,Smart Autonomous Grain Silo Level Monitor,Agriculture/IoT,Measures grain volume in silos using 3D point cloud scanning and reports inventory levels to farm management systems.,3D Scanner,Arduino,IoT,Cloud,Analytics
463,AI-Based Fake Financial Statement Detector,FinTech/AI,Detects manipulated financial statements using ML trained on Beneish M-score features and XBRL data for audit support.,Python,ML,Beneish M-Score,XBRL,Flask
464,Smart Wearable EEG for Focus Enhancement,Healthcare/IoT,A consumer EEG headband that monitors brainwave focus states and delivers audio biofeedback to improve concentration during work.,EEG,BLE,Python,Signal Processing,Android
465,AI-Based Automated Bird Population Counter,Environment/AI,Counts individual birds and estimates population in images from field cameras using object detection and tracking models.,Python,YOLO,OpenCV,TensorFlow,Bird Dataset
466,Smart Micro-Hydrokinetic River Turbine Monitor,Renewable Energy/IoT,Monitors rotational speed vibration and power output of a run-of-river micro-turbine for off-grid rural electrification systems.,Sensors,Arduino,IoT,Cloud,SCADA
467,AI-Based Autonomous Greenhouse Pathogen Detector,Agriculture/AI,Detects early fungal and bacterial pathogen outbreaks in greenhouses from multispectral crop images using CNN classifiers.,Python,CNN,Multispectral,TensorFlow,Plant Disease Dataset
468,Smart Real-Time Noise-Cancelling Classroom PA System,EdTech/IoT,Enhances classroom PA audio clarity using digital signal processing to cancel HVAC and ambient noise in real time.,DSP,Arduino,Microphone,Speaker,IoT
469,AI-Based Tidal Flood Inundation Mapper,Marine/AI,Maps real-time tidal flood inundation extents in coastal cities from SAR satellite data and tide gauge readings using ML.,Python,SAR,U-Net,GIS,Satellite
470,Smart Microfluidic Lab-on-Chip Blood Analyzer,Healthcare/Biomedical,Analyzes blood parameters including CBC and CRP on a microfluidic chip read by a smartphone optical detector for rapid diagnostics.,Microfluidics,Optical Sensor,Android,ML,Biomedical
471,AI-Based AI Model Watermarking System,Cybersecurity/AI,Embeds and verifies invisible watermarks in deep learning model weights to prove authorship and detect unauthorized model theft.,Python,ML,Model Watermarking,TensorFlow,Security
472,Smart Building Demolition Safety Monitor,Construction/IoT,Monitors ground vibration noise dust and structural displacement during demolition operations ensuring safety thresholds are not exceeded.,Sensors,Arduino,IoT,Cloud,Dashboard
473,AI-Based Time-of-Use Energy Bill Optimizer,Energy Systems/AI,Shifts controllable household loads to low-tariff periods using ML demand forecasting and smart scheduling to minimize electricity bills.,Python,ML,Smart Meter,Optimization,Android
474,Smart Real-Time Whale Migration Tracker,Marine/IoT,Tracks whale migration patterns using passive acoustic monitoring buoys and satellite GPS tags transmitting data to research platforms.,Hydrophone,GPS,Satellite,Python,Analytics
475,AI-Based Automated Coding Interview Evaluator,EdTech/AI,Evaluates coding interview submissions for correctness efficiency and code quality using static analysis and ML scoring models.,Python,AST,Execution Engine,ML,Flask
476,Smart Portable Plant Disease Diagnosis App,Agriculture/AI,Diagnoses crop diseases from leaf photos taken on a smartphone using a CNN model that runs on-device for use in low-connectivity areas.,Python,TFLite,CNN,Android,Plant Dataset
477,AI-Based Deforestation Impact on Rainfall Modeler,Climate Technology/AI,Models the impact of regional deforestation on rainfall patterns using coupled land-atmosphere ML models calibrated on historical data.,Python,ML,Climate Dataset,GIS,TensorFlow
478,Smart Automated Hydrofoil Boat Controller,Marine/Robotics,Controls the foil height and trim of an autonomous hydrofoil boat using IMU and depth sensor feedback for stable high-speed operation.,Arduino,IMU,Servo,ROS,Python
479,AI-Based Crowd-Sourced Air Quality Calibrator,Environment/AI,Calibrates low-cost air quality sensors deployed by citizens using ML reference station comparison to improve measurement accuracy.,Python,ML,Sensors,Cloud,Calibration Dataset
480,Smart Real-Time Gas Turbine Efficiency Monitor,Industrial Automation/IoT,Monitors turbine inlet temperature pressure ratio and exhaust gas composition to compute real-time thermal efficiency and detect degradation.,Sensors,Arduino,IoT,MATLAB,SCADA
481,AI-Based Multilingual Customer Intent Classifier,E-Commerce/AI,Classifies customer chat intent across multiple languages using multilingual transformer models for automated routing and self-service.,Python,XLM-R,NLP,HuggingFace,Flask
482,Smart Building Fire Evacuation Simulation Platform,Safety/Software,Simulates fire evacuation scenarios for building designs using agent-based modeling to optimize exit placement and evacuation plan.,Python,Agent-Based,Simulation,GIS,Flask
483,AI-Based Predictive Highway Accident Model,Transportation/AI,Predicts accident likelihood on highway segments from traffic speed weather road geometry and historical crash data using ML.,Python,ML,GIS,Traffic Data,XGBoost
484,Smart Autonomous Ice Thickness Measuring Robot,Environment/Robotics,An autonomous robot that traverses frozen lake or sea surfaces measuring ice thickness using ground-penetrating radar for safety assessment.,GPR,ROS,GPS,Arduino,Python
485,AI-Based Personalized Tinnitus Sound Therapy,Healthcare/AI,Generates customized tinnitus masking soundscapes based on patient audiological profile and real-time feedback using ML and DSP.,Python,DSP,ML,Audio Synthesis,Android
486,Smart Modular Micro-Grid Controller for Villages,Renewable Energy/IoT,Manages energy flow between solar panels batteries and loads in a village micro-grid ensuring reliable 24-hour power supply.,Solar Panel,Battery BMS,Arduino,IoT,SCADA
487,AI-Based Automated Fish Species Identifier,Marine/AI,Identifies fish species from underwater camera images using CNN for fisheries monitoring and illegal catch detection.,Python,CNN,TensorFlow,Fish Dataset,OpenCV
488,Smart Bridge Hydraulic Scour Monitor,Civil/IoT,Monitors river bed elevation at bridge piers using submersible ultrasonic sensors detecting scour development during flood events.,Ultrasonic,Arduino,IoT,Cloud,Analytics
489,AI-Based Real-Time Crowd Sentiment Analyzer,Social Technology/AI,Analyzes crowd sentiment at public events from facial expression and social media data to inform event organizers of audience reactions.,Python,OpenCV,CNN,NLP,Dash
490,Smart Autonomous Irrigation Pivot Controller,Agriculture/Robotics,Automates center pivot irrigation based on real-time soil moisture crop evapotranspiration and weather data with remote monitoring.,Arduino,Soil Sensor,GPS,Cloud,Android
491,AI-Based Mental Fatigue Detector for Drivers,Automotive/AI,Detects driver mental fatigue from EEG signals and steering behavior using ML classifiers triggering rest alerts and speed reduction.,EEG,Arduino,ML,CAN Bus,Python
492,Smart Low-Energy Mesh IoT Network for Smart Cities,Smart Cities/IoT,Deploys a self-healing low-energy mesh IoT network for smart city sensor data collection supporting applications like parking lighting and waste.,LoRa Mesh,Arduino,IoT,Cloud,SDN
493,AI-Based Satellite Signal Interference Detector,Aerospace/AI,Detects and classifies sources of satellite signal interference using spectrum analyzer data and ML for telecom regulatory enforcement.,Python,ML,Spectrum Analyzer,RF Data,TensorFlow
494,Smart Wearable UV Phototherapy Device,Healthcare/IoT,Delivers targeted narrow-band UV-B phototherapy to psoriasis or vitiligo affected skin areas using wearable LED arrays with dose control.,UV-B LED,Arduino,BLE,Android,IoT
495,AI-Based Algorithmic Bias Auditing Tool,AI/Ethics,Audits ML models for demographic bias unfairness and discriminatory outcomes using fairness metrics and counterfactual analysis.,Python,Fairness Indicators,SHAP,ML,Flask
496,Smart Portable Soil Compaction Tester,Civil/IoT,Measures soil compaction resistance using a digital penetrometer logging GPS-tagged readings for geotechnical site assessment.,Penetrometer,GPS,Arduino,BLE,Android
497,AI-Based Automated Triage for Emergency Rooms,Healthcare/AI,Predicts patient acuity levels at ER intake from vitals chief complaint and history using ML to allocate care resources efficiently.,Python,ML,NLP,Healthcare Dataset,Flask
498,Smart Robotic Arm for Grocery Self-Checkout,Retail/Robotics,A robotic arm at self-checkout kiosks that picks scans and bags groceries automatically reducing friction and theft in self-service checkout.,ROS,Camera,Barcode,Python,Servo
499,AI-Based Real-Time Power Grid Stability Predictor,Energy Systems/AI,Predicts grid frequency instability events from real-time phasor measurement data using LSTM models for operator warning systems.,Python,LSTM,PMU Data,TensorFlow,Grid Analytics
500,Smart Autonomous Cliff-Face Geological Surveyor,Mining/Robotics,A wall-climbing robot that surveys cliff faces and quarry walls for geological mapping and rock mass quality assessment using cameras and sensors.,ROS,Camera,Suction Cups,Python,GPS
