ID,Title,Domain,Abstract,Technology
1,Automatic Traffic Violation Detection System using CCTV,AI/Computer Vision,A system that automatically detects traffic violations from CCTV footage using deep learning to identify signal violations and lane breaches in real time.,Python,OpenCV,CNN,Computer Vision
2,Smart Aeroponics System,IoT/Agriculture,An automated aeroponic system that monitors and controls temperature humidity and nutrient levels to support plant growth while reducing water usage significantly.,IoT,Sensors,Arduino,Cloud
3,Driver Drowsiness Detection System,AI/Safety,Detects signs of driver fatigue using facial landmark analysis and eye-aspect-ratio monitoring to trigger alerts and prevent road accidents.,Python,OpenCV,dlib,CNN
4,Autonomous Waste Segregation Robot,Robotics/Environment,A robot that uses computer vision to identify and segregate waste into biodegradable and non-biodegradable categories on a conveyor belt.,ROS,Python,OpenCV,Arduino,Servo Motors
5,Smart Energy Meter with Theft Detection,IoT/Energy,An IoT-enabled energy meter that monitors real-time power consumption and detects anomalies indicative of electricity theft using cloud analytics.,Arduino,ESP8266,IoT,Cloud,GSM
6,Breast Cancer Detection using Deep Learning,Healthcare/AI,A convolutional neural network model trained on mammogram images to classify tumors as benign or malignant with high accuracy.,Python,TensorFlow,CNN,Keras,Medical Imaging
7,Sign Language Recognition System,AI/Accessibility,Translates sign language gestures captured via webcam into text and speech using hand-landmark detection and a trained classification model.,Python,MediaPipe,TensorFlow,OpenCV
8,Blockchain-based Land Registry System,Blockchain/Governance,A decentralized land records management system using blockchain to ensure tamper-proof registration and transparent ownership transfers.,Solidity,Ethereum,Web3.js,React
9,Indoor Navigation System for Visually Impaired,IoT/Accessibility,An assistive navigation system using ultrasonic sensors and haptic feedback to guide visually impaired users through indoor environments.,Arduino,Ultrasonic Sensors,Raspberry Pi,BLE
10,Solar-Powered Water Purification System,Renewable Energy/Environment,A portable solar-powered water purification unit that uses UV treatment and filtration to provide clean drinking water in off-grid areas.,Solar Panels,UV Sensors,Arduino,Microcontroller
11,Fake News Detection using NLP,AI/Media,A natural language processing model that classifies news articles as real or fake using TF-IDF features and machine learning classifiers.,Python,NLP,Scikit-learn,TF-IDF,LSTM
12,Smart Helmet for Construction Workers,IoT/Safety,A smart helmet embedded with sensors to detect gas leaks impact and fatigue levels and send SOS alerts to supervisors in real time.,IoT,Arduino,Gas Sensors,Accelerometer,GSM
13,Crop Disease Prediction using Image Processing,Agriculture/AI,A mobile-based system that identifies crop diseases from leaf images using a trained CNN model to enable early detection and treatment.,Python,TensorFlow,CNN,Mobile App,Leaf Dataset
14,Real-time Face Mask Detection,AI/Healthcare,Detects whether individuals are wearing face masks in real time using deep learning on live camera feeds deployed in public spaces.,Python,OpenCV,TensorFlow,MobileNet
15,E-Waste Management and Recycling Portal,Environment/Web,A web platform that connects e-waste generators with certified recyclers and tracks pickup collection and recycling status.,React,Node.js,MongoDB,Google Maps API
16,Smart Irrigation System using Soil Moisture Sensors,IoT/Agriculture,Automates irrigation by measuring soil moisture temperature and humidity and activating water pumps only when crops need water.,Arduino,Soil Moisture Sensor,ESP8266,IoT
17,Structural Health Monitoring of Bridges,Civil/IoT,Monitors vibration strain and displacement in bridge structures using embedded sensors and transmits data to a cloud dashboard for analysis.,IoT,Accelerometer,Strain Gauge,LabVIEW,AWS
18,Gesture-Controlled Robotic Arm,Robotics/AI,A robotic arm that mimics human hand gestures captured via a glove with flex sensors enabling remote manipulation of objects.,Arduino,Flex Sensors,Servo Motors,Python
19,Cybersecurity Threat Detection using ML,Cybersecurity/AI,Uses machine learning models trained on network traffic data to detect intrusions anomalies and potential cybersecurity threats in real time.,Python,Scikit-learn,Wireshark,Network Datasets
20,Smart Parking System using IoT,IoT/Transportation,An IoT-based parking solution that detects available slots using IR sensors and guides drivers through a mobile app reducing urban parking congestion.,Arduino,IR Sensors,ESP8266,Android App
21,Emotion Recognition from Facial Expressions,AI/Psychology,Recognizes human emotions like happiness sadness anger and surprise from facial images using deep convolutional neural networks.,Python,OpenCV,TensorFlow,FER Dataset
22,Predictive Maintenance of Industrial Machinery,AI/Manufacturing,Analyzes vibration and temperature sensor data from machines to predict failures before they occur reducing downtime and maintenance costs.,Python,ML,Sensors,MATLAB,IoT
23,Smart Water Quality Monitoring System,IoT/Environment,Monitors pH turbidity dissolved oxygen and temperature of water bodies using IoT sensors and provides alerts when quality degrades.,Arduino,Water Sensors,ESP8266,ThingSpeak
24,Autonomous Drone for Disaster Management,Robotics/Safety,A GPS-enabled drone that autonomously surveys disaster-hit areas captures images and transmits data to rescue teams for rapid response.,Raspberry Pi,OpenCV,GPS,Drone,Python
25,Blood Glucose Level Prediction using ML,Healthcare/AI,Predicts blood glucose levels using patient physiological data and machine learning models to assist diabetic patients in monitoring health.,Python,Scikit-learn,Random Forest,Healthcare Dataset
26,Smart Grid Energy Management System,Renewable Energy/IoT,Manages energy distribution in a smart grid by balancing supply and demand from renewable sources using IoT sensors and real-time analytics.,IoT,MATLAB,Python,Smart Meters,Cloud
27,Contactless Payment System using NFC,FinTech/Embedded,A secure contactless payment system using NFC technology that authenticates users via biometrics and processes transactions without physical contact.,NFC Module,Arduino,Android,Encryption
28,Handwritten Digit Recognition System,AI/Education,Recognizes handwritten digits from scanned images using a trained neural network and can be applied in postal sorting and form digitization.,Python,TensorFlow,CNN,MNIST Dataset
29,Automated Greenhouse Monitoring,IoT/Agriculture,Monitors and controls temperature humidity CO2 and light inside a greenhouse automatically using microcontrollers and cloud-based dashboards.,Arduino,Sensors,Raspberry Pi,IoT,Cloud
30,Voice-Controlled Home Automation,IoT/SmartHome,A home automation system that allows users to control appliances using voice commands processed through a speech recognition engine.,Python,Raspberry Pi,Google Speech API,IoT,Relay Module
31,Traffic Flow Optimization using Reinforcement Learning,AI/Transportation,Applies reinforcement learning to dynamically adjust traffic signal timings based on real-time vehicle density to reduce urban congestion.,Python,RL,TensorFlow,Simulation
32,E-Learning Platform with Adaptive Testing,EdTech/AI,An online learning platform that adapts quiz difficulty based on student performance using machine learning to personalize the learning experience.,React,Node.js,Python,ML,MongoDB
33,Wearable ECG Monitor,Healthcare/Embedded,A compact wearable device that continuously monitors ECG signals and alerts users and doctors to irregular heart activity using Bluetooth transmission.,Arduino,ECG Sensor,Bluetooth,Android App
34,Plant Watering Bot using Arduino,IoT/Agriculture,A simple automated bot that detects soil dryness and waters plants at scheduled intervals using a moisture sensor and water pump.,Arduino,Soil Moisture Sensor,Water Pump,Timer
35,Road Pothole Detection using Smartphone,IoT/Transportation,Uses accelerometer data from smartphones to detect road potholes and maps their GPS locations for reporting to municipal authorities.,Android,GPS,Accelerometer,Cloud,Maps API
36,Object Detection for Surveillance,AI/Security,A real-time object detection pipeline using YOLO deployed on edge devices for perimeter surveillance and intruder identification.,Python,YOLO,OpenCV,Edge AI,GPU
37,Hybrid Electric Vehicle Energy Management,EEE/Automotive,Optimizes energy split between battery and IC engine in a hybrid vehicle to maximize fuel efficiency and extend battery life.,MATLAB,Simulink,Control Systems
38,Smart Attendance System using Face Recognition,AI/Education,Automates student attendance marking using real-time facial recognition eliminating manual roll calls and preventing proxy attendance.,Python,OpenCV,dlib,Flask,MySQL
39,RFID-based Library Management System,IoT/Education,Tracks library books using RFID tags for automated issue return and inventory management with web-based admin dashboard.,RFID,Arduino,PHP,MySQL,Web
40,Automated Resume Screening System,AI/HR,Uses NLP to parse resumes and rank candidates based on keyword relevance job requirements and skill matching to streamline hiring.,Python,NLP,Spacy,Scikit-learn,Flask
41,Earthquake Early Warning System,Civil/IoT,Detects early seismic signals using geophone sensors and sends warnings to nearby areas through an IoT alert network before tremors arrive.,Geophones,Arduino,IoT,GSM,Sensors
42,5G Network Performance Analyzer,Telecom/Networking,Analyzes 5G signal parameters like latency throughput and handover performance using software tools to evaluate network efficiency.,Python,5G Testbed,Network Analyzer,MATLAB
43,AI-based Chess Engine,AI/Gaming,Develops an AI chess engine using minimax algorithm with alpha-beta pruning and position evaluation heuristics to play at competitive levels.,Python,Minimax,Alpha-Beta Pruning,Chess Library
44,Sentiment Analysis of Social Media Data,AI/Social,Analyzes Twitter and Reddit posts to classify user sentiment on trending topics using NLP models for brand monitoring and policy analysis.,Python,NLP,VADER,BERT,Twitter API
45,Smart Fire Detection and Suppression System,IoT/Safety,Detects fire and smoke using sensors and automatically activates suppression systems while alerting occupants and emergency services.,Arduino,Flame Sensor,MQ-2,Relay,GSM
46,Decentralized Voting System using Blockchain,Blockchain/Governance,A tamper-proof digital voting platform using blockchain to ensure vote integrity transparency and anonymity in elections.,Solidity,Ethereum,Web3.js,React
47,Pedestrian Detection for Autonomous Vehicles,AI/Transportation,Detects pedestrians in vehicle camera feeds using deep learning to enable safe autonomous navigation in urban environments.,Python,YOLO,OpenCV,TensorFlow,CUDA
48,Low-Cost Prosthetic Hand with EMG Control,Healthcare/Robotics,A 3D-printed prosthetic hand controlled by electromyography signals from residual limb muscles enabling natural gripping motions.,EMG Sensor,Arduino,3D Printing,Servo Motors
49,Smart Bus Tracking System,IoT/Transportation,Real-time bus tracking system using GPS modules and a mobile app that shows live bus location and estimated arrival times for commuters.,GPS,GSM,Android,Firebase
50,Energy Harvesting from Piezoelectric Tiles,Renewable Energy/EEE,Generates electricity from pedestrian footsteps using piezoelectric materials embedded in floor tiles suitable for powering low-energy devices.,Piezoelectric Sensors,Voltage Rectifier,Capacitor,Microcontroller
51,Malware Detection using Deep Learning,Cybersecurity/AI,Classifies malware families from binary code representations using convolutional neural networks trained on malware datasets.,Python,CNN,TensorFlow,Malware Dataset
52,Smart Healthcare Monitoring Wristband,Healthcare/IoT,A wristband that monitors heart rate SpO2 and body temperature continuously and syncs data with a mobile health app via Bluetooth.,Pulse Oximeter,Temperature Sensor,BLE,Arduino
53,Natural Language Interface for Database Queries,AI/Database,Converts plain English questions into SQL queries using NLP enabling non-technical users to interact with databases conversationally.,Python,NLP,BERT,SQL,Flask
54,Automated License Plate Recognition,AI/Transportation,Recognizes vehicle license plates from images or video streams using OCR and deep learning for toll collection and parking management.,Python,OpenCV,Tesseract OCR,CNN
55,Smart Dustbin with Fill-Level Monitoring,IoT/Environment,Dustbins equipped with ultrasonic sensors report fill levels to a centralized dashboard enabling optimized waste collection routes.,Arduino,Ultrasonic Sensor,ESP8266,Cloud Dashboard
56,3D Terrain Mapping using LiDAR,Robotics/Mapping,Builds three-dimensional maps of outdoor terrain using LiDAR point cloud data processed with SLAM algorithms for autonomous navigation.,LiDAR,ROS,Python,SLAM,Raspberry Pi
57,Power Quality Analyzer,EEE/Power Systems,Monitors electrical parameters like voltage harmonics power factor and THD in industrial power systems to ensure supply quality.,Arduino,Current Sensor,Voltage Sensor,MATLAB
58,Smart Cold Chain Monitoring,IoT/Logistics,Tracks temperature and humidity of perishable goods during transportation using IoT sensors with alerts for deviations from safe ranges.,Arduino,DHT22,GPS,Cloud,Android
59,Brain-Computer Interface for Wheelchair Control,Healthcare/AI,Uses EEG signals captured from the scalp to classify user intent and control wheelchair movements for paralyzed patients.,EEG Headset,Python,Signal Processing,Arduino
60,Rainfall Prediction using Machine Learning,Environment/AI,Predicts daily rainfall using historical meteorological data and ensemble machine learning models to support agricultural planning.,Python,Scikit-learn,Random Forest,Weather Dataset,LSTM
61,Automated Student Performance Prediction,EdTech/AI,Predicts student academic outcomes using past grades attendance and engagement data with ML models to enable early intervention.,Python,ML,Pandas,Scikit-learn,Flask
62,Smart Trolley for Supermarkets,IoT/Retail,A shopping cart with RFID readers that automatically tallies item costs and enables contactless checkout reducing billing queue time.,RFID,Arduino,Android,Cloud,BLE
63,Waste Water Treatment Monitoring System,Environment/IoT,Continuously monitors effluent quality parameters at treatment plants and triggers alarms when discharge limits are exceeded.,Sensors,Arduino,IoT,Cloud,pH Sensor
64,Online Exam Proctoring System using AI,EdTech/AI,Detects cheating behaviors like face absence multiple faces and phone usage during online exams using computer vision and ML.,Python,OpenCV,TensorFlow,WebRTC,Flask
65,Smart Street Light Control System,IoT/Energy,Street lights that automatically adjust brightness based on ambient light and pedestrian presence using motion sensors to save energy.,Arduino,LDR,PIR Sensor,IoT,Relay
66,Robotic Exoskeleton for Rehabilitation,Healthcare/Robotics,An exoskeleton that assists stroke patients in limb rehabilitation exercises by providing controlled mechanical support and motion feedback.,Arduino,Servo Motors,EMG Sensor,IMU
67,Intrusion Detection System using Anomaly Detection,Cybersecurity/AI,Identifies network intrusions by detecting statistical anomalies in packet flow data using unsupervised machine learning models.,Python,ML,NSL-KDD Dataset,Isolation Forest
68,Image Captioning using Deep Learning,AI/Vision,Generates natural language descriptions of images by combining CNN feature extraction with LSTM sequence generation trained on large datasets.,Python,TensorFlow,CNN,LSTM,COCO Dataset
69,Automated Potable Water Vending Machine,IoT/Environment,A coin-operated water dispenser with real-time quality monitoring that ensures water is safe before dispensing using sensor-based checks.,Arduino,Water Sensor,Coin Module,IoT
70,Low-Power Wide-Area Network for Agriculture,IoT/Agriculture,Deploys LoRa-based sensor nodes across farmland to monitor soil and climate conditions with long battery life and long-range communication.,LoRa,Sensors,Raspberry Pi,IoT Gateway
71,Stock Market Prediction using LSTM,FinTech/AI,Forecasts stock price movements using historical price data and long short-term memory networks capturing temporal dependencies.,Python,LSTM,TensorFlow,Pandas,Yahoo Finance API
72,AR-based Remote Maintenance System,AR/Manufacturing,Uses augmented reality headsets to overlay maintenance instructions and diagnostics on industrial equipment for field technicians.,AR SDK,Unity,C#,IoT,Cloud
73,Contactless Fingerprint Recognition,Biometrics/Security,Captures and matches fingerprints from touchless optical scans using deep learning models resistant to spoof attacks.,Python,CNN,OpenCV,Biometric Dataset
74,Automated Soil Testing Kit,Agriculture/IoT,Measures NPK pH and moisture levels in soil and recommends fertilizer dosage through a mobile application.,Sensors,Arduino,Android,Cloud,Soil Test Kit
75,Campus Wi-Fi Load Balancing System,Networking/IoT,Dynamically distributes client connections across multiple access points based on load using a software-defined networking controller.,SDN,Python,OpenWRT,Network Analyzer
76,Medical Image Segmentation using U-Net,Healthcare/AI,Segments anatomical structures in MRI and CT scans using U-Net architecture to assist radiologists in diagnosis.,Python,TensorFlow,U-Net,Medical Imaging
77,Electric Vehicle Charging Station Management,EV/IoT,Manages EV charging station availability pricing and slot booking through a cloud-connected mobile app and smart charger hardware.,IoT,Android,Cloud,MQTT,Raspberry Pi
78,Smart Mirror with Health Dashboard,IoT/SmartHome,A bathroom mirror with an embedded display showing real-time health metrics weather and calendar events fetched via IoT integration.,Raspberry Pi,Python,Display,IoT,API
79,Fake Product Detection using QR Code and Blockchain,Blockchain/Retail,Authenticates product genuineness using blockchain-recorded QR codes that consumers can scan to verify supply chain history.,Blockchain,QR Code,Solidity,React,Web3
80,Vibration-Based Energy Harvesting System,Renewable Energy/EEE,Converts ambient mechanical vibrations from industrial machinery into usable electrical energy using piezoelectric transducers.,Piezoelectric,Energy Harvesting Circuit,Oscilloscope,MATLAB
81,Smart Class Scheduling System,EdTech/Software,Automates timetable generation for engineering colleges considering faculty preferences subject credits and room availability constraints.,Python,Genetic Algorithm,Django,MySQL
82,Hand Gesture Drone Control,Robotics/AI,Controls a quadcopter drone using hand gestures captured by a camera and processed with a gesture classification model.,Python,OpenCV,MediaPipe,Drone SDK
83,Anomaly Detection in Industrial IoT,IoT/Manufacturing,Detects process anomalies in industrial sensor streams using autoencoder neural networks for predictive quality control.,Python,TensorFlow,Autoencoder,MQTT,IoT
84,Audio Deepfake Detection,AI/Cybersecurity,Identifies AI-generated or manipulated speech recordings using spectrogram analysis and CNN classifiers to combat audio misinformation.,Python,Librosa,CNN,TensorFlow
85,Smart Rice Milling Automation System,Agriculture/Embedded,Automates the rice milling process including dehusking polishing and sorting using embedded controllers and conveyor mechanisms.,Arduino,Conveyor Motor,Sensors,Relay
86,Network Packet Analyzer Tool,Cybersecurity/Networking,Captures and dissects network packets to identify protocols detect suspicious traffic and generate detailed traffic statistics for analysis.,Python,Scapy,Wireshark,C
87,Automatic Essay Grading System,EdTech/AI,Grades student essays automatically using NLP features like coherence grammar and content relevance compared against rubric criteria.,Python,NLP,BERT,Scikit-learn
88,FPGA-based Image Processing Accelerator,VLSI/Embedded,Implements image processing algorithms like edge detection and filtering on FPGA for high-speed real-time processing applications.,VHDL,Xilinx FPGA,Vivado,Image Processing
89,Wearable Fall Detection Device for Elderly,Healthcare/IoT,Detects falls in elderly individuals using accelerometer and gyroscope data and sends emergency alerts to caregivers via GSM.,Arduino,MPU6050,GSM,BLE,Android
90,Smart Helmet with Alcohol Detection,IoT/Safety,A two-wheeler helmet integrated with an alcohol sensor that prevents the vehicle from starting if the rider is intoxicated.,Arduino,MQ-3 Sensor,Ignition Lock,GSM
91,Object Sorting Robot using Machine Vision,Robotics/Manufacturing,A robotic arm that sorts objects by color and shape on a production line using a camera and image classification model.,Python,OpenCV,Arduino,Servo Motors,ML
92,Clinical Text Mining for EHR Analysis,Healthcare/AI,Extracts medical entities like drug names dosages and diagnoses from clinical text records using NER models for health analytics.,Python,NLP,SpaCy,BERT,EHR Dataset
93,Multi-Robot Coordination System,Robotics/AI,Enables multiple robots to collaborate on tasks like warehouse item retrieval by solving path planning and task assignment problems.,ROS,Python,A* Algorithm,Gazebo
94,Smart Drip Irrigation Controller,Agriculture/IoT,Regulates drip irrigation schedules based on crop water requirements soil moisture and weather forecasts using a microcontroller.,Arduino,Soil Sensor,Weather API,Relay,IoT
95,Text-to-Speech System for Regional Languages,AI/Accessibility,Develops a TTS engine for Kannada and other Indian regional languages using neural vocoder models trained on native speech.,Python,TTS,Tacotron,WaveNet,Audio Dataset
96,Building Energy Audit Tool,Energy/Civil,Analyzes electricity consumption data of a building to identify high-usage areas and recommend energy-saving measures.,Python,Data Analytics,Excel,ML,IoT Meters
97,Smart Examination Hall Seating Arrangement,Software/Education,Automates the generation of seating plans for university exams considering departmental mixing and hall capacity constraints.,Python,Algorithms,Django,MySQL
98,Cardiovascular Risk Prediction System,Healthcare/AI,Predicts the risk of cardiovascular disease using patient vitals medical history and lifestyle data with an ensemble ML classifier.,Python,Random Forest,XGBoost,Healthcare Dataset
99,Solar Panel Fault Detection System,Renewable Energy/AI,Detects faults like cracks and hotspots in solar panels using infrared thermal images and a CNN-based classification model.,Python,CNN,ThermalCam,TensorFlow
100,Real-Time Language Translation Device,AI/Accessibility,A handheld device that listens to speech in one language and outputs translated speech in another language in near real time.,Python,Google Translate API,Speech Recognition,Raspberry Pi
101,Automated Timetable Generator using Genetic Algorithm,Software/Education,Generates optimized class timetables for engineering departments using genetic algorithms satisfying all hard and soft constraints.,Python,Genetic Algorithm,Django,MySQL
102,Spam Email Classifier using NLP,AI/Cybersecurity,Classifies emails as spam or ham using TF-IDF features and naive Bayes and SVM models trained on the Enron spam dataset.,Python,NLP,Scikit-learn,TF-IDF
103,Smart Cane for Visually Impaired,Accessibility/IoT,An intelligent walking stick with ultrasonic sensors and GPS that detects obstacles and guides visually impaired users through audio feedback.,Arduino,Ultrasonic Sensor,GPS,Vibration Motor,BLE
104,Autonomous Underwater Vehicle,Robotics/Marine,Designs an AUV capable of navigating underwater environments autonomously for inspection and data collection missions.,ROS,Python,IMU,Thrusters,Camera
105,Lung Cancer Detection using CNN,Healthcare/AI,Classifies lung CT scan images to detect malignant nodules using a convolutional neural network trained on LUNA16 dataset.,Python,CNN,TensorFlow,Medical Imaging,LUNA16
106,Contactless Vital Signs Monitoring,Healthcare/AI,Estimates heart rate and breathing rate from facial video recordings using remote photoplethysmography and signal processing techniques.,Python,OpenCV,rPPG,Signal Processing
107,Smart Manufacturing Quality Control,Manufacturing/AI,Uses computer vision to inspect product defects on assembly lines in real time reducing rejection rates and improving quality.,Python,YOLO,OpenCV,Edge AI
108,Power Theft Detection using IoT,Energy/IoT,Compares energy consumption between supply and consumer meters using smart IoT nodes to detect unauthorized tapping.,Smart Meters,IoT,ESP8266,Cloud,Analytics
109,Drone-based Crop Health Monitoring,Agriculture/AI,Analyzes multispectral aerial imagery captured by drones to compute NDVI and assess crop health for precision agriculture.,Drone,Python,Multispectral Camera,NDVI,GIS
110,Secure Messaging App using End-to-End Encryption,Cybersecurity/Software,Develops a messaging application with RSA and AES-based end-to-end encryption ensuring message confidentiality and integrity.,Python,RSA,AES,Android,Socket Programming
111,Smart Rainwater Harvesting System,Environment/IoT,Monitors rainfall collection levels in storage tanks and controls overflow and distribution valves automatically using IoT sensors.,Arduino,Rain Sensor,Ultrasonic,ESP8266,Cloud
112,Road Accident Detection and Alert System,IoT/Safety,Detects vehicle accidents using accelerometer impact data and automatically notifies emergency services with GPS coordinates.,Arduino,MPU6050,GPS,GSM,Android
113,AI-based Customer Churn Prediction,FinTech/AI,Predicts which telecom or banking customers are likely to churn using logistic regression and gradient boosting on behavioral data.,Python,XGBoost,Scikit-learn,Pandas
114,Smart Retail Inventory Management,IoT/Retail,Uses weight sensors and RFID to track real-time stock levels on shelves and auto-triggers reorder notifications.,RFID,Weight Sensor,Arduino,Cloud,Dashboard
115,Human Activity Recognition using Wearables,AI/Healthcare,Classifies physical activities like walking running and sitting using accelerometer and gyroscope data with LSTM neural networks.,Python,LSTM,TensorFlow,MPU6050,Wearable
116,Oil Pipeline Leakage Detection,IoT/Oil & Gas,Monitors pressure flow and acoustic signatures in oil pipelines using distributed IoT sensors to detect and localize leaks early.,Pressure Sensor,Arduino,IoT,Cloud,Acoustic Sensor
117,Personalized Movie Recommendation System,AI/Entertainment,Recommends movies to users based on viewing history and ratings using collaborative and content-based filtering techniques.,Python,Scikit-learn,Collaborative Filtering,MovieLens Dataset
118,Smart Toll Collection System using RFID,Transportation/IoT,Automates highway toll collection using vehicle-mounted RFID tags and overhead readers enabling seamless cashless payment.,RFID,Arduino,Database,Android
119,Landslide Susceptibility Mapping using GIS,Civil/AI,Identifies landslide-prone areas using GIS data and ML models trained on historical landslide occurrences and terrain attributes.,Python,GIS,Random Forest,QGIS,Remote Sensing
120,Automated Irrigation using Weather API,Agriculture/IoT,Integrates real-time weather forecast data with soil moisture readings to schedule irrigation only when necessary.,Arduino,Weather API,Soil Sensor,ESP8266,Cloud
121,Smart Classroom Engagement Monitor,EdTech/AI,Monitors student engagement levels in classrooms using facial expression recognition to provide teachers with real-time feedback.,Python,OpenCV,CNN,Raspberry Pi
122,Low-Cost ECG Signal Processing System,Healthcare/Embedded,Records and processes ECG signals using an analog front-end circuit and microcontroller displaying waveform on LCD for diagnosis.,Arduino,AD8232 ECG,LCD,Signal Processing
123,Fashion Recommendation System using CV,AI/Retail,Recommends clothing items based on user-uploaded outfit images using image similarity and style attribute matching models.,Python,CNN,OpenCV,Flask,Fashion Dataset
124,Cloud-based Hospital Management System,Healthcare/Software,A full-stack web application for managing patient records appointments billing and staff information in hospitals.,React,Node.js,MongoDB,AWS,REST API
125,Solid Waste Route Optimization,Environment/AI,Optimizes garbage collection vehicle routes using vehicle routing problem algorithms to minimize travel time and fuel consumption.,Python,VRP,Google Maps API,OR-Tools
126,Smart Glove for Sign Language Translation,Accessibility/IoT,A glove embedded with flex sensors captures hand and finger movements and translates them into text displayed on a screen.,Flex Sensors,Arduino,Bluetooth,Android App
127,Deep Learning for Speech Emotion Recognition,AI/Psychology,Identifies emotional states from speech audio using MFCC features and a CNN-LSTM hybrid model trained on emotional speech datasets.,Python,Librosa,CNN,LSTM,RAVDESS Dataset
128,Micro-Hydro Power Generation System,Renewable Energy/EEE,Designs a small-scale hydropower system using a pelton wheel and generator to harvest energy from flowing water streams.,Pelton Wheel,Generator,Voltage Regulator,MATLAB
129,Smart Refrigerator Inventory Tracker,IoT/SmartHome,Tracks food items inside a refrigerator using weight sensors and a camera and sends expiry reminders and shopping suggestions.,Raspberry Pi,Camera,Weight Sensor,Cloud,Android
130,Plant Identification using Deep Learning,Agriculture/AI,Identifies plant species from leaf photographs using transfer learning on pre-trained CNNs to aid botanical research.,Python,CNN,MobileNet,TensorFlow,PlantNet Dataset
131,Predictive Analytics for Hospital Readmissions,Healthcare/AI,Predicts likelihood of patient hospital readmission within 30 days using discharge data and gradient-boosted classifiers.,Python,XGBoost,Pandas,Scikit-learn,EHR Dataset
132,Automated Defect Detection in Welds,Manufacturing/AI,Inspects weld quality from X-ray images using object detection networks to classify weld defects automatically.,Python,YOLO,TensorFlow,X-ray Imaging
133,Smart Manhole Cover Monitoring System,Civil/IoT,Detects open or damaged manhole covers using tilt and proximity sensors and alerts municipal authorities via GSM.,Arduino,Tilt Sensor,GSM,IoT,Cloud
134,Robotic Lawn Mower,Robotics/Agriculture,An autonomous lawn mowing robot that maps the garden boundary using GPS and ultrasonics and mows systematically.,Arduino,GPS,Ultrasonic,Servo,ROS
135,AI-based Interview Simulator,EdTech/AI,Simulates job interviews using NLP and voice analysis to provide candidates with feedback on content tone and communication skills.,Python,NLP,Speech Recognition,Flask
136,Wearable Posture Correction Device,Healthcare/IoT,Monitors spinal posture using IMU sensors on the back and delivers vibration feedback when poor posture is detected.,Arduino,MPU6050,Vibration Motor,BLE,Android
137,Smart Lock System using Face Recognition,Security/AI,A door lock system that grants access only after successfully verifying the user's face through a deep learning recognition model.,Python,OpenCV,dlib,Raspberry Pi,Servo
138,Autonomous Navigation Robot for Warehouses,Robotics/AI,A mobile robot that autonomously navigates warehouse aisles picks items and transports them using SLAM and task planning.,ROS,Python,LiDAR,SLAM,Raspberry Pi
139,Flood Prediction using LSTM,Environment/AI,Predicts flood events based on historical rainfall river flow and drainage data using LSTM time series models.,Python,LSTM,TensorFlow,Weather Dataset
140,Wind Turbine Blade Fault Diagnosis,Renewable Energy/AI,Analyzes vibration signals from wind turbine blades using FFT and ML classifiers to detect cracks and imbalances.,Python,MATLAB,FFT,Vibration Sensor,ML
141,Smart Library Management using RFID,Education/IoT,Automates book tracking and borrowing using RFID tags and an integrated web portal for librarians and students.,RFID,Arduino,PHP,MySQL,Web
142,Natural Disaster Early Warning Network,IoT/Safety,Integrates seismic flood and weather sensors in a distributed IoT network to provide early warnings of natural disasters.,IoT,Arduino,LoRa,GSM,Cloud
143,Emotion-Aware Music Player,AI/Entertainment,Detects the user's facial emotion and automatically selects and plays music matching the detected mood using a trained classifier.,Python,OpenCV,CNN,Music API,Flask
144,Household Energy Disaggregation System,Energy/AI,Identifies individual appliance energy consumption from aggregate smart meter data using non-intrusive load monitoring algorithms.,Python,NILM,ML,Smart Meter,Pandas
145,Multi-Language Chatbot for Student Queries,AI/EdTech,Develops an NLP-powered chatbot that answers student queries about courses exams and campus facilities in multiple languages.,Python,Rasa,NLP,Flask,MongoDB
146,Smart Raincoat with Weather Alert,IoT/Wearable,A smart raincoat with embedded sensors that monitors rainfall intensity and syncs with weather APIs to alert users of changing conditions.,Arduino,Rain Sensor,BLE,Android,Weather API
147,Cervical Cancer Classification using Pap Smear Images,Healthcare/AI,Classifies cervical cell abnormalities from Pap smear slide images using CNN to assist pathologists in early cancer detection.,Python,CNN,TensorFlow,SIPaKMeD Dataset
148,Smart Grid Fault Detection,EEE/AI,Detects and classifies faults in power transmission lines using machine learning models trained on current and voltage signatures.,Python,ML,MATLAB,Power Dataset,Scikit-learn
149,AI-assisted Code Review Tool,Software/AI,Analyzes source code repositories for bugs security vulnerabilities and style issues using static analysis and ML suggestions.,Python,AST,NLP,GitHub API,ML
150,Ambulance Route Optimization System,Transportation/AI,Clears traffic signals on ambulance routes dynamically using GPS tracking and city traffic signal coordination to minimize response time.,Python,GPS,Google Maps API,IoT,Signal Control
151,Telehealth Platform for Rural Healthcare,Healthcare/Software,A web and mobile platform enabling rural patients to consult doctors remotely via video calls with integrated prescription and record management.,React,Node.js,WebRTC,MongoDB,AWS
152,Swarm Robotics for Search and Rescue,Robotics/AI,Coordinates a swarm of small robots to explore and map unknown disaster environments collaboratively for locating trapped survivors.,ROS,Python,BLE,Raspberry Pi,SLAM
153,Smart Compost Monitor,Environment/IoT,Monitors temperature moisture and pH in compost pits and provides real-time alerts and insights for optimal composting conditions.,Arduino,Sensors,ESP8266,ThingSpeak,Android
154,Automated Traffic Signal Using IR Sensors,Transportation/Embedded,Dynamically changes traffic signal timing based on vehicle density detected by IR sensors on each lane to reduce waiting time.,Arduino,IR Sensor,Relay,Embedded C
155,Continuous Glucose Monitoring System,Healthcare/IoT,Measures interstitial glucose levels continuously using a minimally invasive biosensor and transmits data to a smartphone app.,Biosensor,BLE,Arduino,Android,Cloud
156,Smart Waste Segregation using Computer Vision,Environment/AI,Identifies and categorizes waste at the source using a camera-based AI system that classifies items before robotic segregation.,Python,CNN,OpenCV,Raspberry Pi,Servo
157,Underwater Wireless Communication System,Telecom/Marine,Designs an acoustic modem-based communication system for transmitting data between underwater nodes in marine environments.,Acoustic Modem,DSP,MATLAB,Signal Processing
158,Peer-to-Peer Energy Trading Platform,Renewable Energy/Blockchain,Enables prosumers to trade surplus solar energy with neighbors using a blockchain-based smart contract marketplace.,Blockchain,Solidity,Smart Meter,React,IoT
159,AI-based Dermatology Diagnosis System,Healthcare/AI,Classifies skin lesions as benign or malignant from dermoscopy images using transfer learning on pre-trained deep networks.,Python,CNN,MobileNet,TensorFlow,ISIC Dataset
160,Acoustic Gunshot Detection System,Security/AI,Detects gunshots from audio streams in public areas using CNN-based audio classification and triggers law enforcement alerts.,Python,Librosa,CNN,IoT,Edge AI
161,Smart Footwear for Diabetic Foot Care,Healthcare/IoT,Monitors foot pressure distribution and temperature in diabetic patients using embedded sensors to prevent ulcer formation.,Pressure Sensor,Arduino,BLE,Android,Cloud
162,Automated Radiology Report Generation,Healthcare/AI,Generates structured radiology reports from chest X-ray images using image captioning models trained on clinical datasets.,Python,CNN,LSTM,TensorFlow,CheXpert Dataset
163,Railway Track Defect Detection Robot,Robotics/Transportation,An autonomous rail inspection robot that scans tracks with ultrasonic and vision sensors to identify cracks and misalignments.,Arduino,Ultrasonic,Camera,ROS,Python
164,AI-based Plagiarism Detection Tool,EdTech/AI,Detects textual similarity and paraphrased plagiarism in academic documents using semantic embedding comparison models.,Python,NLP,BERT,Cosine Similarity,Flask
165,Fuel Cell-powered Bicycle,Renewable Energy/Mechanical,Designs a hydrogen fuel cell integrated bicycle drivetrain as a zero-emission personal transport solution.,Fuel Cell,DC Motor,Hydrogen Tank,Controller
166,Smart Trash Compactor,Environment/IoT,A solar-powered trash compactor that monitors fill level and automatically compacts waste when nearly full to maximize capacity.,Solar Panel,Arduino,Ultrasonic,Servo,IoT
167,Video Surveillance with Re-identification,AI/Security,Tracks individuals across multiple non-overlapping camera feeds using person re-identification models based on appearance features.,Python,CNN,OpenCV,DeepSORT,CUDA
168,Obstacle-Avoiding Car using Ultrasonic Sensors,Robotics/Embedded,A self-navigating toy car that detects and avoids obstacles using ultrasonic sensors and a microcontroller-based control loop.,Arduino,Ultrasonic,DC Motor,L298N,Embedded C
169,Smart Home for Elderly Assistance,IoT/Healthcare,An integrated smart home system that monitors activity patterns of elderly residents and alerts caregivers on unusual behavior.,Raspberry Pi,IoT,Camera,Sensors,Cloud
170,Student Mental Health Prediction,Healthcare/AI,Predicts mental health risk in students using survey responses behavioral patterns and social media signals with ML models.,Python,Scikit-learn,NLP,Flask,Survey Dataset
171,Digital Twin for Manufacturing Plant,Manufacturing/AI,Creates a virtual replica of a manufacturing plant using sensor data to simulate test and optimize production processes.,Python,IoT,MATLAB,Simulink,Cloud
172,Biometric-based Student Authentication System,Security/Education,Authenticates student identities for exams using fingerprint and face biometrics integrated with the college ERP system.,Fingerprint Sensor,OpenCV,Python,MySQL,Flask
173,Noise Pollution Monitoring System,Environment/IoT,Measures sound pressure levels at urban hotspots using IoT devices and maps noise pollution across the city on a live dashboard.,Arduino,Sound Sensor,ESP8266,Cloud,Maps API
174,Smart Fence Intrusion Detection System,Security/IoT,Detects intrusions into fenced perimeters using vibration sensors and thermal cameras and sends real-time alerts via GSM.,Vibration Sensor,Thermal Camera,Arduino,GSM,IoT
175,Crop Yield Prediction using ML,Agriculture/AI,Predicts crop yield based on weather soil and historical agricultural data using regression models to aid farmer planning.,Python,Random Forest,Regression,Pandas,Agriculture Dataset
176,Smart Lab Equipment Management,Education/IoT,Tracks usage booking and maintenance of laboratory equipment in engineering colleges through an IoT-enabled management system.,RFID,Arduino,Web App,MySQL,Scheduler
177,Autonomous Solar Cleaning Robot,Renewable Energy/Robotics,A robot that cleans dust and debris from solar panels autonomously maintaining efficiency without manual intervention.,Arduino,Motor Driver,Ultrasonic,Solar Panel,Embedded C
178,Deepfake Video Detection,AI/Cybersecurity,Detects manipulated videos created using generative AI by analyzing facial inconsistencies and compression artifacts.,Python,CNN,TensorFlow,FaceForensics Dataset
179,Smart Garage Door System,IoT/SmartHome,Automates garage door operation using smartphone control face recognition and proximity-based automatic opening.,Raspberry Pi,Face Recognition,BLE,Android,Servo
180,Hospital Bed Occupancy Monitoring,Healthcare/IoT,Monitors real-time bed occupancy across hospital wards using weight and pressure sensors feeding data to a central dashboard.,Arduino,Pressure Sensor,WiFi,Cloud,Dashboard
181,Plant Growth Optimization using Hydroponics,Agriculture/IoT,Monitors and regulates nutrient solution pH light cycles and temperature in hydroponic setups for optimized plant growth.,Arduino,pH Sensor,LED Grow Light,IoT,Sensors
182,AI-powered Financial Fraud Detection,FinTech/AI,Detects fraudulent transactions in banking systems using anomaly detection and graph neural networks on transaction data.,Python,GNN,Isolation Forest,Pandas,FinTech Dataset
183,Smart Junction Box for Solar Farms,Renewable Energy/EEE,An intelligent junction box that monitors panel performance isolates faults and optimizes power output in large solar installations.,Microcontroller,MPPT,Current Sensor,IoT
184,LiDAR-based 3D Object Detection,AI/Robotics,Detects and classifies 3D objects from LiDAR point clouds using PointNet architecture for autonomous vehicle perception.,Python,PointNet,LiDAR,TensorFlow,KITTI Dataset
185,Mosquito Breeding Site Detection using Satellite Imagery,Healthcare/AI,Uses satellite image analysis to identify potential mosquito breeding grounds and map malaria risk zones in urban areas.,Python,Remote Sensing,CNN,GIS,Satellite Data
186,Online Bidding and Auction Platform,Software/FinTech,A real-time auction platform with live bidding automated bids and payment integration for electronics and collectibles.,React,Node.js,WebSocket,Stripe API,MongoDB
187,Smart Traffic Management using V2X Communication,Transportation/IoT,Enables vehicles to communicate with road infrastructure for traffic signal coordination and collision prevention using V2X protocols.,V2X,IoT,C++,Simulation,SUMO
188,Terrain Classification for Mars Rover Simulation,AI/Space,Classifies Martian terrain types from simulated images to assist autonomous rover navigation planning using CNN.,Python,CNN,TensorFlow,Mars Dataset,OpenCV
189,Contactless ATM using Eye Gaze,Security/AI,A contactless ATM interface controlled via eye gaze for PIN entry and transaction navigation improving hygiene and accessibility.,Python,Eye Tracking,Raspberry Pi,OpenCV
190,Automatic Subtitle Generation for Videos,AI/Media,Transcribes speech from video content and generates time-synced subtitles using ASR models in multiple languages.,Python,Whisper,FFmpeg,NLP,Flask
191,Smart Vertical Garden System,Agriculture/IoT,Automates watering and lighting for vertical garden installations in urban spaces using IoT sensors and a scheduling system.,Arduino,Water Pump,LED,Soil Sensor,IoT
192,Smart Parking Guidance using Computer Vision,Transportation/AI,Guides drivers to empty parking slots in multi-level car parks using overhead camera-based occupancy detection.,Python,OpenCV,CNN,Raspberry Pi,Dashboard
193,Soil Erosion Monitoring System,Environment/IoT,Detects and measures soil erosion on hillslopes using erosion pins and rain sensors connected to a cloud monitoring platform.,Erosion Sensors,Arduino,IoT,Cloud,GIS
194,AI-based Ayurveda Medicine Recommendation,Healthcare/AI,Recommends Ayurvedic treatments based on user symptoms and constitution type using a rule-based expert system and ML.,Python,NLP,Flask,Knowledge Base,Scikit-learn
195,Smart Glove for VR Interaction,VR/IoT,A data glove with flex sensors and IMU that enables natural hand interaction in virtual reality environments.,Flex Sensors,IMU,Arduino,Unity,BLE
196,Real-time Air Quality Monitoring and Alerting,Environment/IoT,Measures PM2.5 CO NO2 and ozone levels at multiple city locations and provides AQI alerts via mobile app.,Arduino,Gas Sensors,ESP8266,ThingSpeak,Android
197,Smart Exam Paper Distribution System,Education/IoT,Automates secure digital distribution of exam papers to proctors through encrypted channels with time-locked access.,Python,Encryption,Django,Network
198,AI-based Yoga Posture Correction System,Health/AI,Uses pose estimation to detect yoga pose errors and provides corrective audio feedback to users during practice.,Python,MediaPipe,Pose Estimation,TensorFlow,Flask
199,Smart Fleet Management System,Transportation/IoT,Tracks commercial vehicle location fuel consumption and driver behavior in real time for fleet optimization.,GPS,GSM,IoT,Cloud,Android,Dashboard
200,Blockchain-based Academic Credential Verification,Blockchain/Education,Stores and verifies academic certificates on a blockchain to prevent credential fraud and enable instant employer verification.,Solidity,Ethereum,IPFS,React,Web3.js
201,Autonomous Boat for River Cleaning,Robotics/Environment,A solar-powered autonomous boat that navigates rivers collects floating waste using a net mechanism and monitors water quality.,Solar Panel,Arduino,GPS,OpenCV,Servo
202,Smart Shoe with Step Counter and Fall Alert,Healthcare/IoT,A sensor-embedded shoe that counts steps measures gait and detects falls sending alerts to a paired smartphone via BLE.,IMU,BLE,Arduino,Android,Health Monitoring
203,AI-driven Personalized Diet Planner,Healthcare/AI,Recommends personalized daily meal plans based on user health data goals and food preferences using ML and nutritional databases.,Python,ML,Flask,Nutritional DB,Android
204,Real-time Crowd Density Estimation,AI/Safety,Estimates crowd density from surveillance camera images using deep learning to prevent overcrowding in public events.,Python,CNN,OpenCV,TensorFlow,Density Map
205,Smart Aquaponics Monitoring System,Agriculture/IoT,Monitors and regulates fish tank water quality and hydroponic nutrient levels in an integrated aquaponics setup using IoT sensors.,Arduino,Water Sensors,ESP8266,Cloud,ThingSpeak
206,Automated Chicken Farm Management System,Agriculture/IoT,Controls temperature humidity feeding schedules and egg collection in poultry farms via IoT automation reducing labor costs.,Arduino,Sensors,Conveyor,ESP8266,Cloud
207,Face Anti-Spoofing System,Security/AI,Detects presentation attacks like printed photos or video replays in face authentication systems using liveness detection models.,Python,CNN,OpenCV,Anti-Spoofing Dataset
208,Satellite Image Change Detection,Environment/AI,Identifies land cover changes between satellite images taken at different times using deep learning for urban growth tracking.,Python,CNN,GDAL,Remote Sensing,Change Detection
209,Smart Cloth Dryer with Weather Integration,IoT/SmartHome,Automatically retracts a drying rack indoors when rain is detected using weather API and rain sensors connected to a smart actuator.,Arduino,Rain Sensor,Weather API,Servo,IoT
210,Medical Chatbot for Symptom Assessment,Healthcare/AI,An AI chatbot that collects symptom information from patients and provides possible diagnoses and doctor referral suggestions.,Python,Rasa,NLP,Flask,Medical Ontology
211,Groundwater Level Monitoring System,Environment/IoT,Monitors groundwater depth in borewells using ultrasonic or pressure sensors and reports data to a central management portal.,Ultrasonic,Arduino,ESP8266,Cloud,Dashboard
212,Smart Card-based Access Control,Security/IoT,Implements access control to restricted areas using RFID smart cards with an attendance log and remote management interface.,RFID,Arduino,PHP,MySQL,Web Dashboard
213,AI-based Interview Performance Analyzer,EdTech/AI,Records mock interviews and analyzes verbal content facial expressions and eye contact to score and provide coaching feedback.,Python,OpenCV,NLP,CNN,Flask
214,Biodegradable Packaging Detector,Environment/AI,Scans product packaging from images and classifies material type to identify biodegradable options promoting sustainable consumer choices.,Python,CNN,TensorFlow,OpenCV
215,Smart Toll Booth for Highways,Transportation/IoT,Automates toll collection using ANPR cameras and RFID wallets to enable zero-stop toll plaza experience for registered vehicles.,ANPR,RFID,Python,OpenCV,Database
216,IoT-based Animal Intrusion Alert for Farms,Agriculture/IoT,Detects wild animal intrusions into farmlands using motion sensors and infrared cameras and alerts farmers via SMS.,PIR Sensor,Camera,Arduino,GSM,IoT
217,Solar Energy Forecasting System,Renewable Energy/AI,Predicts solar irradiance and energy generation for the next day using weather data and LSTM models for grid planning.,Python,LSTM,Weather API,TensorFlow
218,Gesture-Based Presentation Controller,AI/HCI,Allows presenters to control slides advance content and draw attention using hand gestures captured by a webcam.,Python,MediaPipe,OpenCV,PowerPoint API
219,AI-based Parking Violation Detection,AI/Transportation,Identifies illegally parked vehicles from surveillance footage using object detection and license plate recognition systems.,Python,YOLO,OpenCV,ANPR,Flask
220,Smart Fire Evacuation Guidance System,Safety/IoT,Directs occupants toward safe exit routes during fire emergencies using illuminated floor-mounted LED guides and IoT fire sensors.,Arduino,Flame Sensor,LED Grid,IoT,Central Controller
221,Secure Voting Machine with Biometrics,Security/EEE,Designs an electronic voting machine with fingerprint authentication and encrypted vote storage for tamper-proof local elections.,Fingerprint Sensor,Arduino,LCD,Encryption
222,Indoor Air Quality Management System,Environment/IoT,Monitors CO2 VOC temperature and humidity indoors and controls ventilation fans and purifiers automatically via IoT.,Arduino,Sensors,ESP8266,Relay,Cloud
223,Smart Mirror for Retail Fitting Rooms,AI/Retail,A smart fitting room mirror that uses AR to overlay virtual clothing on shoppers allowing them to try outfits digitally.,Raspberry Pi,AR SDK,Camera,Python,Display
224,AI-based Pothole Severity Assessment,Transportation/AI,Classifies pothole severity from road images taken by maintenance vehicles using CNN to prioritize repair scheduling.,Python,CNN,OpenCV,Road Dataset,Flask
225,Text Summarization Tool for Research Papers,AI/EdTech,Automatically summarizes long research papers into concise abstracts using transformer-based text summarization models.,Python,BERT,Hugging Face,NLP,Flask
226,Smart Aquarium Automation System,IoT/Environment,Automates feeding lighting temperature and filtration in aquariums using IoT sensors and a mobile control app.,Arduino,Temperature Sensor,Servo,BLE,Android
227,Electronic Stethoscope with AI Diagnosis,Healthcare/AI,Digitizes heart sounds and analyzes them using ML models to detect murmurs arrhythmias and other cardiac conditions.,Arduino,Microphone,FFT,ML,Python
228,AR-based Anatomy Learning Tool,EdTech/AR,Uses augmented reality to display 3D anatomical models overlaid on textbook markers aiding medical students in learning anatomy.,Unity,AR SDK,C#,Android,3D Models
229,Smart Inventory System for Pharmacies,Healthcare/Software,Tracks drug stock levels expiry dates and automates reorder alerts for pharmacies with barcode scanning and analytics.,Barcode Scanner,Python,Django,MySQL,Analytics
230,Precision Irrigation using Drones,Agriculture/AI,Uses drones equipped with multispectral sensors to map crop moisture variations and triggers precision irrigation zone-by-zone.,Drone,Python,Multispectral,GIS,Cloud
231,Automated Mining Cart Navigation,Mining/Robotics,An autonomous cart system for underground mines that follows track layouts avoids obstacles and transports ore using sensors.,Arduino,IR Sensor,Motor Driver,Embedded C
232,Smart Crib for Infant Monitoring,Healthcare/IoT,Monitors infant sleep position breathing and temperature in a crib and alerts parents via a mobile app on anomalies.,Arduino,Camera,Temperature Sensor,BLE,Android
233,Sign Language Learning App using AR,Accessibility/AR,An augmented reality mobile app that teaches sign language by overlaying animated hand gestures and provides practice feedback.,Unity,AR Core,Android,C#
234,Biomass Gasification Monitoring System,Renewable Energy/IoT,Monitors temperature gas flow and composition in a biomass gasifier reactor using sensors and a cloud dashboard for optimization.,Sensors,Arduino,IoT,Cloud,Gas Sensor
235,Smart Kiosk for Government Services,Software/IoT,A self-service kiosk enabling citizens to access government documents pay bills and submit applications using biometric authentication.,Touchscreen,Fingerprint,Python,Django,Printer
236,Night Vision Surveillance Camera,Security/Electronics,Enhances surveillance camera performance in low-light conditions using IR LEDs and image intensification for nocturnal monitoring.,IR LEDs,Camera Module,Arduino,Image Processing
237,AI-based Recommendation for Online Learning,EdTech/AI,Recommends personalized learning resources and courses to students based on progress interests and skill gaps using ML.,Python,Collaborative Filtering,Flask,MongoDB,NLP
238,Smart Doorbell with Face Recognition,Security/IoT,Identifies visitors at the door using face recognition and sends the owner a smartphone notification with the visitor's identity.,Raspberry Pi,OpenCV,dlib,Android,Cloud
239,Smart Power Strip with Energy Monitoring,Energy/IoT,A smart power strip that monitors per-outlet energy consumption and allows remote on/off control via a smartphone app.,ESP8266,Current Sensor,MQTT,Android,Cloud
240,Medical Record Summarization using NLP,Healthcare/AI,Extracts and summarizes key information from lengthy patient medical records using NLP entity extraction and summarization models.,Python,NLP,SpaCy,BERT,Flask
241,Fault Detection in Induction Motors,EEE/AI,Detects bearing and stator faults in induction motors using vibration and current signal analysis with machine learning classifiers.,Python,FFT,ML,MATLAB,Vibration Sensor
242,Smart Umbrella with GPS and Weather Alert,IoT/Wearable,An umbrella with embedded GPS and weather API integration that alerts users via handle vibration when rain is forecast for their area.,Arduino,GPS,Weather API,GSM,BLE
243,Augmented Reality Navigation for Visually Impaired,Accessibility/AR,An AR glasses-based system that narrates surrounding objects and navigation instructions to visually impaired users.,AR Glasses,Python,Object Detection,TTS,Cloud
244,Automated Skin Cancer Diagnosis,Healthcare/AI,Detects melanoma and other skin cancers from dermoscopic images using deep neural networks trained on the HAM10000 dataset.,Python,CNN,TensorFlow,HAM10000 Dataset
245,Network Traffic Visualization Dashboard,Cybersecurity/Networking,Captures live network packets and visualizes traffic patterns bandwidth usage and suspicious flows on an interactive web dashboard.,Python,Scapy,Dash,Plotly,Elasticsearch
246,Smart Rainwater Recharge System,Environment/Civil,Automatically routes collected rainwater to groundwater recharge pits using level sensors and valve control to prevent runoff.,Sensors,Arduino,Relay,IoT,Civil Structure
247,Heat Stress Prediction for Outdoor Workers,Healthcare/IoT,Predicts heat stress risk for outdoor construction workers using wearable temperature and humidity sensors and activity data.,Wearable Sensor,Arduino,ML,Cloud,Android
248,Voice Authentication for Banking App,Security/AI,Authenticates bank customers using voiceprint recognition with deep learning models that resist replay and synthesis attacks.,Python,Speaker Recognition,MFCC,CNN,Flask
249,AI-based Traffic Sign Recognition,AI/Transportation,Recognizes and classifies traffic signs from dashcam images using CNN enabling driver assistance and autonomous vehicle systems.,Python,CNN,TensorFlow,GTSRB Dataset
250,Smart Solar Street Light with Energy Storage,Renewable Energy/IoT,A solar-powered street light with battery storage and IoT-based remote monitoring of energy levels and luminosity control.,Solar Panel,Battery,Arduino,IoT,LDR
251,AI-based Personalized News Aggregator,AI/Media,Aggregates news from multiple sources and personalizes the feed based on user reading history and preferences using NLP.,Python,NLP,RSS Feeds,BERT,Flask
252,Smart Staircase Lighting System,IoT/SmartHome,Automatically illuminates staircase steps progressively when someone steps on them using PIR sensors and LED strips.,Arduino,PIR Sensor,LED Strip,Relay,IoT
253,Hydraulic Fracturing Simulation,Mechanical/Simulation,Simulates hydraulic fracturing in oil wells using finite element analysis to model crack propagation under pressure.,ANSYS,MATLAB,FEA,Simulation
254,E-Commerce Product Review Sentiment Analyzer,AI/Retail,Analyzes customer reviews of e-commerce products using aspect-based sentiment analysis to provide structured feedback summaries.,Python,NLP,BERT,Aspect-Based SA,Flask
255,Smart Campus Safety Alert System,Safety/IoT,Provides campus-wide emergency alerts using IoT panic buttons speaker nodes and GPS integration for student safety.,Arduino,GSM,IoT,Android,GPS
256,Automatic Braille Converter,Accessibility/Embedded,Converts printed or digital text into Braille notation and physically renders it on a refreshable Braille display for visually impaired readers.,Arduino,Servo Motors,NLP,Braille Display
257,AI-powered Study Planner,EdTech/AI,Creates optimized study schedules for students based on exam dates topic difficulty and personal learning pace using ML optimization.,Python,ML,Flask,Calendar API,Optimization
258,Smart Pet Feeder with Health Monitoring,IoT/Healthcare,Automatically dispenses pet food on schedule monitors pet weight and activity and alerts owners via mobile app.,Arduino,Weight Sensor,Servo,BLE,Android
259,Carbon Footprint Calculator App,Environment/Software,Calculates users' daily carbon footprint from transportation diet and energy usage and recommends reduction strategies.,Android,Python,Flask,Carbon DB,Analytics
260,AI-based Gait Analysis System,Healthcare/AI,Analyzes walking gait patterns from video using pose estimation to detect musculoskeletal disorders and rehabilitation progress.,Python,MediaPipe,Pose Estimation,ML,CV
261,Smart Hospital Infection Control System,Healthcare/IoT,Monitors hand hygiene compliance UV sterilization cycles and patient isolation zones using IoT sensors in hospital wards.,IoT,UV Sensor,RFID,Arduino,Cloud
262,Electric Grid Demand Forecasting,Energy/AI,Forecasts hourly electricity demand for grid operators using weather data historical load and calendar features in LSTM models.,Python,LSTM,TensorFlow,Energy Dataset,Pandas
263,Smart Weighbridge for Truck Load Monitoring,Transportation/IoT,Automates vehicle weight measurement at weighbridges using load cells and ANPR cameras to prevent overloading and enable e-tolling.,Load Cell,ANPR,Arduino,Cloud,Database
264,AI-based Document Forgery Detection,Security/AI,Detects forged signatures and altered fields in scanned official documents using image processing and ML classifiers.,Python,OpenCV,CNN,Document Dataset
265,Smart Pet Collar with Activity Tracker,IoT/Healthcare,Tracks pet location activity and sleep patterns through a GPS and accelerometer-based collar with companion mobile app.,GPS,IMU,BLE,Android,Arduino
266,Automated News Broadcaster using TTS,AI/Media,Scrapes top news headlines periodically and reads them aloud using a text-to-speech engine creating an automated audio news feed.,Python,TTS,Web Scraping,BeautifulSoup,Flask
267,Smart Bag for Hikers,IoT/Safety,A backpack with integrated GPS heart rate monitor and SOS button that tracks hiker location and sends distress alerts.,Arduino,GPS,GSM,Heart Rate Sensor,BLE
268,Personalized Cancer Treatment Recommendation,Healthcare/AI,Recommends cancer treatment protocols based on patient genomic profile tumor characteristics and clinical trial data using ML.,Python,Bioinformatics,ML,Genomic Dataset
269,Self-Balancing Robot,Robotics/Embedded,Designs a two-wheeled self-balancing robot using PID control and IMU feedback to maintain upright posture on flat surfaces.,Arduino,MPU6050,PID,Motor Driver,Embedded C
270,AI-based Earthquake Damage Assessment,Civil/AI,Assesses building damage severity from post-earthquake aerial images using semantic segmentation models to prioritize rescue.,Python,CNN,Semantic Segmentation,OpenCV
271,Smart Electricity Bill Predictor,Energy/AI,Predicts monthly electricity bills from appliance usage patterns and historical consumption using regression models.,Python,Regression,ML,Smart Meter Data,Flask
272,IoT-based Horticulture Monitoring,Agriculture/IoT,Monitors light temperature and humidity in nurseries and greenhouses and controls fans misting and shading automatically.,Arduino,Sensors,Relay,IoT,ThingSpeak
273,AI-based Credit Risk Assessment,FinTech/AI,Evaluates loan applicant credit risk using financial history employment data and behavioral signals with a gradient-boosting classifier.,Python,XGBoost,Pandas,FinTech Dataset
274,Smart Road Lighting Management,Transportation/IoT,Adjusts street light intensity based on real-time traffic density and ambient conditions using IoT sensors for energy savings.,IoT,LDR,PIR,Arduino,SCADA
275,Industrial Gas Leak Detection System,Safety/IoT,Detects flammable and toxic gas leaks in industrial plants using distributed electrochemical sensors with localized alerts.,Gas Sensors,Arduino,GSM,IoT,Control Room
276,Pediatric Fever Monitoring Patch,Healthcare/IoT,A flexible wireless patch worn on infants that continuously monitors body temperature and alerts caregivers on fever onset.,Temperature Sensor,BLE,Arduino,Android,IoT
277,Autonomous Seed Planting Robot,Agriculture/Robotics,A ground robot that autonomously navigates farmland and plants seeds at precise GPS-defined locations with optimal spacing.,ROS,GPS,Arduino,Servo,Raspberry Pi
278,Smart Canteen Management System,Education/Software,Automates food ordering payment and queue management in engineering college canteens using a mobile app and QR code.,Android,QR Code,Django,MySQL,Payment API
279,AI-based Resume Parser and Skill Extractor,AI/HR,Automatically parses uploaded resumes and extracts name skills education and experience into structured JSON format using NLP.,Python,NLP,SpaCy,Flask,Regex
280,Smart Hospital Emergency Triage System,Healthcare/AI,Predicts patient severity level in hospital emergency departments using vital signs chief complaints and triage data.,Python,ML,XGBoost,Healthcare Dataset,Flask
281,Object Tracking using Kalman Filter,AI/Robotics,Tracks moving objects in video streams using Kalman filter estimation and detection association for smooth trajectory prediction.,Python,OpenCV,Kalman Filter,Object Detection
282,Smart Garbage Truck Route Optimizer,Environment/AI,Uses route optimization algorithms and real-time fill-level data from smart bins to plan efficient garbage collection routes.,Python,OR-Tools,Maps API,IoT,Dashboard
283,Automated Fish Disease Detection,Agriculture/AI,Detects fish diseases from underwater camera images using CNN to help aquaculture farms identify and treat health issues early.,Python,CNN,TensorFlow,OpenCV,Aquaculture Dataset
284,FPGA-based FFT Processor,VLSI/Signal Processing,Implements a pipelined Fast Fourier Transform algorithm on FPGA for real-time digital signal processing applications.,VHDL,Xilinx FPGA,Vivado,DSP
285,Smart Jacket for Workers in Hazardous Environments,Safety/IoT,A safety jacket with embedded gas temperature and fall-detection sensors that monitors worker safety in industrial hazard zones.,Arduino,Sensors,GSM,BLE,Cloud
286,Automated Invoice Processing using OCR,AI/FinTech,Extracts key fields from scanned invoice images using OCR and NLP and automatically populates accounting databases.,Python,Tesseract,NLP,OCR,Flask
287,Electric Vehicle Range Predictor,EV/AI,Predicts remaining range of an EV based on battery state of charge driving patterns and route profile using ML models.,Python,ML,Battery Data,Google Maps API
288,Smart Solar Water Heater with IoT Control,Renewable Energy/IoT,Monitors solar collector temperature and water temperature in a solar water heater and controls backup heating elements remotely.,Arduino,Temperature Sensor,ESP8266,IoT,Android
289,Visual Inspection of PCB using Deep Learning,Manufacturing/AI,Detects soldering defects missing components and short circuits on printed circuit boards from microscope images using CNN.,Python,CNN,TensorFlow,PCB Dataset
290,AI Tutor for Mathematics,EdTech/AI,An intelligent tutoring system that identifies student math weak areas from quiz performance and delivers targeted problem-solving practice.,Python,NLP,ML,Flask,Math Dataset
291,Smart Milk Quality Detector,Agriculture/IoT,Detects adulteration and quality degradation in milk using pH temperature and electrical conductivity sensors with a mobile app.,Arduino,Sensors,BLE,Android,IoT
292,Automated Bus Pass Renewal System,Transportation/Software,Enables students and commuters to renew bus passes online with document upload biometric verification and digital pass issuance.,Django,MySQL,Android,Face Recognition,Python
293,Human Emotion Detection from Text,AI/Psychology,Classifies emotions like joy anger fear and sadness from text messages using fine-tuned transformer models for mental health tools.,Python,BERT,NLP,Hugging Face,Flask
294,Smart Parking Meter using IoT,Transportation/IoT,A digital parking meter that monitors occupancy time charges users dynamically and reports data to city traffic management.,Arduino,IR Sensor,GSM,Cloud,Dashboard
295,Wrist-worn Gesture Recognition Device,AI/HCI,Recognizes wrist and hand gestures from IMU sensor data using ML classifiers to enable gesture-based device control.,IMU,Arduino,ML,BLE,Python
296,AI-based Flood Inundation Mapping,Environment/AI,Maps flooded areas from SAR satellite imagery using deep learning segmentation models to support disaster response.,Python,SAR Imagery,U-Net,GIS,Remote Sensing
297,Automated Sports Scoreboard System,AI/Sports,Detects scoring events in sports video feeds using computer vision and automatically updates the live scoreboard display.,Python,OpenCV,CNN,Display,Raspberry Pi
298,Smart Charging Management for EVs,EV/IoT,Manages multiple EV charging sessions in shared parking using load balancing and user-prioritized scheduling algorithms.,Python,IoT,Optimization,Android,Cloud
299,Deforestation Detection using Satellite Images,Environment/AI,Identifies deforestation hotspots by comparing temporal satellite images using change detection deep learning models.,Python,CNN,Remote Sensing,Google Earth Engine
300,Smart Water ATM for Rural Areas,Environment/IoT,A coin or card operated smart water dispenser with real-time quality monitoring and remote management for rural drinking water access.,Arduino,Water Sensor,GSM,RFID,Cloud
301,AI-based Drug Interaction Checker,Healthcare/AI,Checks for dangerous drug interactions from prescription inputs using a medical knowledge graph and NLP-based drug entity recognition.,Python,NLP,Knowledge Graph,Flask,Drug DB
302,Smart Concrete Strength Prediction,Civil/AI,Predicts compressive strength of concrete mixes using mix design parameters and ML regression models reducing trial batching effort.,Python,ML,Regression,Concrete Dataset,Scikit-learn
303,Automated Welding Robot Arm,Robotics/Manufacturing,A robotic arm with welding torch attachment that follows programmed trajectories for precise MIG welding in manufacturing lines.,ROS,Arduino,Servo,Welding Torch,Python
304,Real-time Stock Portfolio Risk Analyzer,FinTech/AI,Analyzes portfolio composition and calculates VaR Sharpe ratio and correlation metrics from live market data feeds.,Python,Finance API,Pandas,Dash,Risk Models
305,Smart Boat Speed and Navigation System,Marine/IoT,Monitors boat speed GPS position and fuel level in real time and provides navigation guidance on a cockpit display.,GPS,Arduino,Display,IoT,Android
306,AI-based Legal Document Classifier,AI/Legal,Categorizes legal documents into contract type jurisdiction and risk level using fine-tuned NLP models for law firm automation.,Python,BERT,NLP,Hugging Face,Flask
307,Smart Pest Control System for Farms,Agriculture/IoT,Deploys acoustic and LED-based pest deterrents triggered by motion and camera-based pest detection to protect crops.,Arduino,PIR,Camera,ML,IoT,Python
308,Automated Air Traffic Control Alert System,Transportation/AI,Detects potential runway incursions and airspace conflicts from radar data using rule-based and ML models to alert controllers.,Python,ML,Radar Data,Alert System
309,Wearable UV Radiation Monitor,Healthcare/IoT,Measures UV index exposure on skin using a UV sensor in a wristband and alerts users to apply sunscreen to prevent skin damage.,Arduino,UV Sensor,BLE,Android
310,Smart Compost Bin with Analytics,Environment/IoT,Monitors composting temperature and moisture and provides analytics on decomposition progress and turning frequency recommendations.,Arduino,Temperature Sensor,Moisture Sensor,IoT,Dashboard
311,Gesture-Controlled Wheelchair,Accessibility/Robotics,A motorized wheelchair controlled by head tilt and hand gestures using IMU and flex sensors for users with mobility impairments.,Arduino,IMU,Flex Sensor,Motor Driver,BLE
312,AI-based Anomaly Detection in CCTV Footage,Security/AI,Identifies anomalous events like fights falls and abandoned objects in CCTV feeds using spatiotemporal deep learning models.,Python,CNN,LSTM,OpenCV,Video Dataset
313,Smart Blood Bank Management System,Healthcare/Software,Manages blood inventory donor records and cross-matching digitally with real-time stock alerts and emergency request handling.,Django,MySQL,Android,REST API,Notification
314,Satellite Communication Link Budget Calculator,Telecom/Software,Calculates downlink and uplink budgets for satellite communication systems considering path loss antenna gain and noise.,Python,MATLAB,Link Budget Tool,Satellite Models
315,Smart Vending Machine with Face Payment,Retail/AI,A vending machine that allows product selection and payment via facial recognition eliminating need for cash or cards.,Raspberry Pi,Camera,Face Recognition,Payment Gateway,Python
316,IoT-based Mine Safety Monitoring,Mining/IoT,Monitors gas levels temperature dust and worker location inside underground mines transmitting alerts to surface control room.,Gas Sensors,GPS,LoRa,Arduino,IoT
317,AI-based Interview Question Generator,EdTech/AI,Generates domain-specific technical interview questions from job descriptions using NLP and transformer models.,Python,GPT,NLP,Flask,Hugging Face
318,Smart Water Leak Detection in Pipelines,Civil/IoT,Detects water leaks in supply pipelines by analyzing pressure flow and acoustic signatures using distributed IoT sensors.,Pressure Sensor,Acoustic Sensor,Arduino,IoT,Cloud
319,Automated Plant Phenotyping System,Agriculture/AI,Measures plant height leaf area and stem diameter from field images using image processing to accelerate crop breeding research.,Python,OpenCV,CNN,Image Processing,Plant Dataset
320,Smart Swimming Pool Management System,IoT/Sports,Monitors pool water chemistry temperature and occupancy using sensors and auto-doses chemicals to maintain safe conditions.,Arduino,pH Sensor,Chlorine Sensor,IoT,Android
321,AI-based Tire Pressure Monitoring System,Automotive/IoT,Monitors real-time tire pressure and temperature via TPMS sensors and alerts drivers on threshold violations to prevent blowouts.,TPMS Sensor,BLE,Arduino,Android,IoT
322,Forest Fire Detection using UAV and AI,Environment/AI,Uses UAV-mounted thermal cameras and AI models to detect early-stage forest fires and locate hotspots for rapid firefighting.,Drone,Thermal Camera,CNN,Python,GPS
323,Smart Kitchen Appliance Controller,IoT/SmartHome,Allows users to monitor and control kitchen appliances like oven refrigerator and microwave from a smartphone app.,Raspberry Pi,IoT,Android,MQTT,Cloud
324,AI-based Drowning Detection in Pools,Safety/AI,Detects drowning incidents in swimming pools from overhead camera feeds using pose estimation and behavioral analysis.,Python,OpenCV,MediaPipe,CNN,Raspberry Pi
325,Automated Concrete Crack Detection,Civil/AI,Detects and classifies cracks on concrete surfaces from images using deep learning for infrastructure maintenance planning.,Python,CNN,TensorFlow,Crack Dataset,OpenCV
326,Smart Road Condition Reporting App,Transportation/Mobile,A mobile app that crowdsources road damage reports from vehicle vibration data and user-submitted photos with GPS tagging.,Android,Accelerometer,GPS,Cloud,Maps API
327,Photovoltaic Cell Efficiency Optimizer,Renewable Energy/EEE,Implements maximum power point tracking algorithms to optimize energy extraction from solar panels under varying illumination.,MPPT Algorithm,Arduino,Solar Panel,MATLAB,Embedded C
328,AI-assisted Drug Discovery Platform,Healthcare/AI,Identifies potential drug candidates by predicting molecular binding affinity using graph neural networks and molecular fingerprints.,Python,GNN,RDKit,Bioinformatics,ML
329,Smart Hospital Queue Management System,Healthcare/Software,Reduces patient waiting time by intelligently distributing appointments to doctors based on consultation load and urgency.,Python,Django,MySQL,Analytics,Android
330,Automated Certificate Generator for Events,Education/Software,Generates customized participation or achievement certificates for events by merging template designs with attendee data.,Python,PIL,Django,PDF,MySQL
331,Crowd Tracking for Event Management,AI/Safety,Tracks crowd movement and detects congestion hotspots in event venues using video analytics to guide crowd flow management.,Python,OpenCV,CNN,Video Analytics,Raspberry Pi
332,Smart Classroom Attendance via BLE Beacons,Education/IoT,Marks student attendance automatically when their BLE-enabled device is detected in proximity of classroom beacons.,BLE Beacons,Android,Python,MySQL,Flask
333,AI-based Food Nutritional Value Estimator,Healthcare/AI,Estimates nutritional content of meals from food images using CNN classification and nutrient lookup database integration.,Python,CNN,Food Dataset,Flask,Nutritional DB
334,Smart Elevator Management System,Civil/IoT,Manages elevator dispatch efficiently in multi-floor buildings using occupancy sensors and ML-based demand prediction.,Arduino,Sensors,ML,SCADA,IoT
335,Automated Water Meter Reading System,Utility/IoT,Reads water meter consumption remotely using optical recognition of analog meter dials or smart digital meter modules.,OpenCV,OCR,Raspberry Pi,Cloud,Python
336,AI-based Music Genre Classifier,AI/Entertainment,Classifies music tracks into genres using audio spectrogram analysis with CNN models trained on the GTZAN music dataset.,Python,Librosa,CNN,TensorFlow,GTZAN Dataset
337,Smart Glove for Arthritis Patients,Healthcare/IoT,Monitors finger joint angles and pain indicators in arthritis patients during therapy and tracks rehabilitation progress.,Flex Sensor,Arduino,BLE,Android,Healthcare Analytics
338,Cyber Threat Intelligence Aggregator,Cybersecurity/AI,Aggregates and correlates threat intelligence feeds from multiple sources and prioritizes alerts using ML for SOC analysts.,Python,NLP,OSINT,ML,Flask
339,Smart Campus Shuttle Tracking,Transportation/IoT,Provides real-time tracking of campus shuttle buses on a mobile app with live ETA updates and route notifications for students.,GPS,GSM,Firebase,Android,Maps API
340,Automated Defect Classification in Casting Products,Manufacturing/AI,Inspects casting surfaces for porosity shrinkage and cold shuts from X-ray images using deep learning classification models.,Python,CNN,TensorFlow,Casting Dataset
341,Smart Inventory System for Engineering Stores,Manufacturing/IoT,Tracks tool and component inventory in engineering workshops using RFID and barcode scanning with auto-reorder triggers.,RFID,Barcode,Arduino,Django,MySQL
342,AI-based Personality Assessment Tool,Psychology/AI,Assesses personality traits from text responses and behavioral data using ML models based on the Big Five personality model.,Python,NLP,Scikit-learn,Flask,Survey Dataset
343,Brain Tumor Detection using MRI,Healthcare/AI,Detects and segments brain tumors in MRI scans using U-Net and ResNet architectures for clinical diagnosis support.,Python,U-Net,TensorFlow,MRI Dataset,Medical Imaging
344,Smart Livestock Monitoring System,Agriculture/IoT,Monitors activity rumination and location of cattle using GPS and accelerometers to detect heat events and health issues.,GPS,IMU,LoRa,Cloud,Android
345,Automated Batch Distillation Control,Chemical/Embedded,Controls temperature reflux ratio and cut points in batch distillation processes using PID controllers and sensor feedback.,Arduino,PID,Temperature Sensor,Relay,SCADA
346,Multi-factor Authentication System,Cybersecurity/Software,Implements a three-factor authentication system combining password OTP and biometric face verification for enterprise security.,Python,Face Recognition,OTP,Flask,MySQL
347,Smart Kiosk for Bus Ticketing,Transportation/IoT,A self-service kiosk for purchasing intercity bus tickets using touch screen cashless payment and QR code ticket issuance.,Touchscreen,QR Code,Django,MySQL,Payment API
348,AI-based Automated Subtitle Translation,AI/Media,Translates subtitles of video content from English to multiple Indian regional languages using NMT models in real time.,Python,NMT,Helsinki-NLP,Hugging Face,FFmpeg
349,Smart Weather Station for Local Monitoring,Environment/IoT,A compact IoT weather station measuring temperature humidity pressure rainfall and wind speed with data uploaded to cloud.,Arduino,DHT22,BMP280,Rain Sensor,ThingSpeak
350,Explainable AI for Medical Diagnosis,Healthcare/AI,Applies Grad-CAM and SHAP to make CNN-based medical diagnostic predictions interpretable and trustworthy for clinicians.,Python,Grad-CAM,SHAP,TensorFlow,Medical Dataset
351,Smart Attendance via Wi-Fi Fingerprinting,Education/IoT,Marks student attendance by detecting their device MAC address through campus Wi-Fi access points without active login.,Wi-Fi,Python,Flask,MySQL,Network
352,Automated Patient Fall Detection in Hospitals,Healthcare/AI,Detects patient falls in hospital rooms from ceiling-mounted camera feeds using pose estimation and anomaly classification.,Python,MediaPipe,CNN,OpenCV,Raspberry Pi
353,AI-based Adaptive Traffic Signal Control,Transportation/AI,Adjusts traffic signal phases dynamically based on queue length and wait time predictions using reinforcement learning agents.,Python,RL,SUMO,TensorFlow,Simulation
354,Smart Power Monitoring for Server Rooms,Energy/IoT,Monitors UPS status power consumption and temperature in server rooms and sends alerts for anomalies through a web dashboard.,Sensors,Arduino,SNMP,IoT,Dashboard
355,Fault Localization in Distribution Networks,EEE/AI,Locates faults in electrical distribution networks from voltage and current measurements using ML classifiers.,Python,ML,MATLAB,Power System Data
356,Biomechanical Analysis of Human Running,Healthcare/AI,Analyzes running biomechanics from video using pose estimation to detect gait abnormalities and reduce injury risk for athletes.,Python,MediaPipe,Pose Estimation,ML,Video
357,AI-based Emotional Support Chatbot,Healthcare/AI,A mental health chatbot that identifies user distress from conversation and offers empathetic responses and professional referral links.,Python,Rasa,NLP,BERT,Flask
358,Automated Parking Lot Management System,Transportation/Software,Manages parking lot entry exit billing and space allocation using ANPR barrier control and a web dashboard.,ANPR,Python,Django,MySQL,Camera
359,Smart Aquifer Depletion Monitor,Environment/IoT,Measures groundwater levels in aquifers at multiple points over time using IoT sensors to track depletion rates.,Ultrasonic,Arduino,IoT,Cloud,GIS
360,AI-based Vehicle Type Classification,Transportation/AI,Classifies vehicles into categories like car bus truck and motorcycle from road camera images using convolutional networks.,Python,CNN,TensorFlow,Vehicle Dataset,OpenCV
361,Smart Pillow for Sleep Quality Monitoring,Healthcare/IoT,Monitors sleep posture breathing pattern and movement using pressure and microphone sensors to assess sleep quality.,Pressure Sensor,Microphone,Arduino,BLE,Android
362,Automated Inventory Audit using Drones,Logistics/Robotics,A warehouse drone that autonomously scans RFID tags on storage shelves to conduct periodic inventory audits.,Drone,RFID,Raspberry Pi,Python,Cloud
363,Kidney Stone Detection using Ultrasound,Healthcare/AI,Detects kidney stones from ultrasound images using a CNN classifier trained on clinical ultrasound datasets.,Python,CNN,Medical Imaging,TensorFlow,Ultrasound Dataset
364,Smart Event Management Platform,Software/AI,Manages event registrations scheduling logistics and attendee communication with AI-based recommendation for networking.,React,Node.js,MongoDB,AI Recommendation,AWS
365,Automated Lecture Transcription System,EdTech/AI,Transcribes engineering college lectures in real time using ASR and stores searchable transcripts for student reference.,Python,Whisper,ASR,Flask,MySQL
366,Smart Wheelchair with Voice Control,Accessibility/AI,A motorized wheelchair that responds to voice commands processed by an on-board speech recognition module for hands-free control.,Raspberry Pi,Google Speech API,Motor Driver,Arduino,NLP
367,Automated Fire Hydrant Pressure Monitoring,Safety/IoT,Monitors water pressure in urban fire hydrant networks using IoT pressure sensors to ensure adequate pressure for firefighting.,Pressure Sensor,Arduino,IoT,Cloud,SCADA
368,AI-based Product Defect Prediction in Manufacturing,Manufacturing/AI,Predicts product defect rates from process parameters using regression and neural network models trained on production data.,Python,ML,TensorFlow,Production Data,Pandas
369,Smart Blind Spot Detection System,Automotive/IoT,Detects vehicles in blind spots of large trucks using ultrasonic and radar sensors and alerts drivers via dashboard warning lights.,Ultrasonic,Radar,Arduino,CAN Bus,Display
370,Decentralized File Storage System,Blockchain/Software,Stores and retrieves files on a decentralized peer-to-peer network using IPFS with user access control via blockchain.,IPFS,Solidity,Ethereum,React,Web3.js
371,Photonic Crystal Fiber Sensor Design,Photonics/ECE,Designs photonic crystal fiber-based optical sensors for measuring strain temperature and chemical parameters in harsh environments.,COMSOL,MATLAB,Optical Simulation
372,Smart Road Barrier Alert System,Transportation/IoT,Roadside IoT units detect collisions with safety barriers and send immediate alerts to highway authorities with location data.,Accelerometer,GSM,Arduino,IoT,GPS
373,AI-based Personalized Fitness Coach,Healthcare/AI,Generates customized workout plans and tracks exercise performance using pose estimation and user biometric data.,Python,MediaPipe,ML,Android,Health API
374,Smart Rainwater Tank Fill Alert,Environment/IoT,Monitors rainwater tank levels using an ultrasonic sensor and sends SMS or app notifications when tank is full or nearly empty.,Arduino,Ultrasonic,GSM,Android,IoT
375,Automated Bank Cheque Processing using OCR,FinTech/AI,Extracts handwritten and printed fields from bank cheques using OCR and NLP for automated transaction verification.,Python,Tesseract,OCR,NLP,Flask
376,Smart Air Purifier with Auto Mode,Environment/IoT,An air purifier that monitors indoor PM2.5 and VOC levels and automatically adjusts fan speed to maintain clean air standards.,Arduino,PM2.5 Sensor,VOC Sensor,Relay,IoT
377,AI-based Intrusion Detection for Smart Home,Cybersecurity/IoT,Detects anomalous device behaviors in smart home IoT networks using federated learning models without centralizing user data.,Python,Federated Learning,IoT,TensorFlow,Network Dataset
378,Smart Laboratory Fume Hood Controller,Safety/IoT,Monitors air flow sash position and gas leaks in lab fume hoods and alerts users or shuts off gas supply on anomaly detection.,Arduino,Flow Sensor,Gas Sensor,Relay,IoT
379,AI-based Election Sentiment Analysis,AI/Social,Analyzes social media data during elections to track public sentiment towards candidates and topics using real-time NLP.,Python,NLP,BERT,Twitter API,Dash
380,Smart Automatic Cat Feeder,IoT/Healthcare,Dispenses measured cat food portions on schedule using a servo mechanism controlled by a timer-based microcontroller and mobile app.,Arduino,Servo,RTC,BLE,Android
381,Non-Invasive Blood Pressure Monitor,Healthcare/Embedded,Estimates blood pressure from photoplethysmography signals using pulse transit time analysis without an inflatable cuff.,PPG Sensor,Arduino,Signal Processing,ML,Android
382,Smart Campus Waste Audit System,Environment/IoT,Categorizes and logs waste generated across campus buildings using computer vision at disposal points for sustainability reporting.,Python,CNN,OpenCV,IoT,Cloud
383,Digital Forensics File Recovery Tool,Cybersecurity/Software,Recovers deleted files from storage media by scanning file system structures and carving data from raw disk sectors.,Python,Forensics,C,File System,Disk Imaging
384,AI-based Optimal Crop Selection System,Agriculture/AI,Recommends the most suitable crop for a given location season and soil type using ML models trained on agricultural databases.,Python,ML,Random Forest,Crop Dataset,Flask
385,Smart Air Traffic Monitoring Display,Transportation/Software,Visualizes live aircraft positions altitude and speed on a map interface using ADS-B data for air traffic awareness.,Python,ADS-B,Dump1090,Dash,Maps API
386,IoT-based Auto-Darkening Window System,SmartHome/IoT,Automatically tints windows in response to sunlight intensity using electrochromic glass controlled by LDR sensors and actuators.,LDR,Arduino,Electrochromic Glass,Relay,IoT
387,AI-based Signature Verification System,Security/AI,Verifies authenticity of handwritten signatures from scanned images using Siamese networks trained on signature pairs.,Python,Siamese Network,TensorFlow,Signature Dataset
388,Smart Hydration Reminder Bottle,Healthcare/IoT,A water bottle that tracks water intake using a flow sensor and sends vibration or app reminders to encourage adequate hydration.,Flow Sensor,Arduino,BLE,Android,IoT
389,Automated Plagiarism Detection in Code,EdTech/AI,Detects code plagiarism in student programming assignments using token-based similarity and AST comparison methods.,Python,AST,Similarity,Flask,MySQL
390,Smart Fog Computing Framework for IoT,IoT/Networking,Implements a fog computing layer for IoT data preprocessing reducing cloud latency using edge devices and MQTT protocol.,Raspberry Pi,MQTT,Edge AI,Python,IoT
391,AI-based Visual Inspection of Road Markings,Transportation/AI,Detects faded or missing road markings from dashcam images using semantic segmentation to assist maintenance planning.,Python,Semantic Segmentation,OpenCV,Road Dataset
392,Smart Fan Speed Controller,Energy/Embedded,Controls ceiling fan speed based on room temperature and occupancy using a PWM controller and PIR sensor to save energy.,Arduino,PWM,PIR,Temperature Sensor,Relay
393,Social Network Analysis for Influence Detection,AI/Social,Analyzes social media graph structures using network centrality measures to identify influential nodes and community clusters.,Python,NetworkX,Graph Analytics,NLP,Gephi
394,Smart Alarm Clock with Sleep Analysis,Healthcare/IoT,Tracks sleep cycles using an accelerometer and wakes the user at an optimal light-sleep phase within a set alarm window.,Arduino,MPU6050,Display,BLE,Android
395,Automated Toll Tax System using Blockchain,Transportation/Blockchain,Registers vehicles and processes toll payments on a blockchain ensuring transparent and tamper-proof toll collection records.,Solidity,RFID,Ethereum,Web3,React
396,AI-based Accident Black Spot Identification,Transportation/AI,Identifies road accident-prone black spots from historical accident data and geospatial features using clustering and ML models.,Python,GIS,Clustering,Maps API,ML
397,Smart Lab Report Generator,Healthcare/Software,Generates formatted diagnostic lab reports from raw test values and patient details automating the reporting workflow in pathology labs.,Python,PDF,Django,Template Engine,MySQL
398,AI-based Resume Matching for Placement Cell,EdTech/AI,Matches student resumes with job descriptions using NLP-based semantic similarity scoring to assist college placement cells.,Python,BERT,Cosine Similarity,Flask,Resume Dataset
399,Smart Pest Trap with Image Classification,Agriculture/IoT,A IoT-equipped insect trap that photographs captured pests and uses an image classifier to identify species and count population.,Raspberry Pi,Camera,CNN,IoT,Cloud
400,Digital Health Passport using Blockchain,Healthcare/Blockchain,Stores immunization records and health certificates on blockchain enabling individuals to share verified health credentials globally.,Solidity,IPFS,React,Web3.js,Health Data
401,AI-based Code Complexity Analyzer,Software/AI,Analyzes source code to compute cyclomatic complexity maintainability index and code smells providing refactoring recommendations.,Python,AST,Scikit-learn,Flask,Code Metrics
402,Smart Ambulance Tracking and Hospital Alert,Healthcare/IoT,Tracks ambulance GPS in real time and pre-alerts destination hospitals with patient condition data for preparation.,GPS,GSM,Android,Firebase,IoT
403,Smart Beehive Monitoring System,Agriculture/IoT,Monitors temperature humidity and acoustic signals inside beehives to detect colony health abnormalities and swarming behavior.,Arduino,Temperature Sensor,Microphone,IoT,ThingSpeak
404,Automated Power Factor Correction System,EEE/Embedded,Monitors load power factor and automatically switches capacitor banks to correct it improving electrical efficiency in industrial plants.,Capacitor Bank,Arduino,Current Sensor,PF Meter,Relay
405,Virtual Reality Campus Tour Application,EdTech/VR,Develops a VR application allowing prospective students to take immersive virtual tours of the RVCE campus buildings and labs.,Unity,VR SDK,C#,360 Camera,Oculus
406,AI-based Legal Judgment Prediction,AI/Legal,Predicts outcomes of legal cases from case text using NLP and ML models trained on historical court judgment data.,Python,NLP,BERT,Court Dataset,Scikit-learn
407,Smart Solar Farm Monitoring Dashboard,Renewable Energy/IoT,Centrally monitors all solar panels in a farm displaying real-time voltage current and power output on a live web dashboard.,IoT,Arduino,ESP8266,Cloud,Dashboard
408,Automated Railway Crossing Gate Controller,Transportation/Embedded,Detects approaching trains using IR sensors and automatically closes level crossing gates alerting pedestrians with lights and buzzer.,Arduino,IR Sensor,Servo,Buzzer,Relay
409,Smart Greenhouse Gas Emission Monitor,Environment/IoT,Monitors CO2 methane and nitrous oxide emissions from agricultural and industrial sources using electrochemical sensors.,Gas Sensors,Arduino,IoT,Cloud,Analytics
410,AI-based Novel Drug Repurposing System,Healthcare/AI,Identifies new therapeutic uses for existing approved drugs using drug-protein interaction prediction from biomedical literature NLP.,Python,NLP,GNN,BioBERT,Drug DB
411,Smart Flood Gate Control System,Civil/IoT,Automatically adjusts dam and reservoir gate positions based on water level sensors and rainfall forecasts to prevent flooding.,Arduino,Water Level Sensor,Servo,IoT,SCADA
412,Autonomous Greenhouse Pollinator Bot,Agriculture/Robotics,A small robot that mimics bee pollination in enclosed greenhouses using a fan attachment to transfer pollen between plants.,Arduino,Fan,Servo,Camera,ROS
413,Smart Parking App with Navigation,Transportation/Mobile,A mobile app showing available parking slots nearby in real-time with navigation guidance to the selected slot.,Android,Google Maps,Firebase,Sensors,REST API
414,AI-based Predictive Policing System,AI/Safety,Analyzes historical crime data and environmental factors to predict high-risk crime zones for proactive police deployment.,Python,ML,GIS,Crime Dataset,Dash
415,Smart Rainwater Quality Classifier,Environment/IoT,Classifies harvested rainwater quality using pH turbidity and conductivity sensors before routing it for different use cases.,Arduino,Water Sensors,ML,IoT,Android
416,Wireless Power Transfer System,EEE/Electronics,Demonstrates near-field wireless energy transfer using resonant inductive coupling for charging low-power electronic devices.,Coil Design,MATLAB,Oscilloscope,Power Electronics
417,Automated Meeting Minutes Generator,AI/Software,Records and transcribes meetings then extracts action items decisions and key discussions using NLP summarization.,Python,Whisper,NLP,Flask,BERT
418,Smart Noise Cancelling Study Environment,IoT/EdTech,Monitors ambient noise levels in study areas and activates sound-masking speakers to maintain optimal study conditions.,Arduino,Sound Sensor,Speaker,BLE,Android
419,AI-based Sentiment-driven Marketing Campaign,FinTech/AI,Analyzes customer sentiment from social media in real time and dynamically adjusts digital marketing campaign targeting strategies.,Python,NLP,BERT,Marketing API,Dash
420,Smart Pipeline Corrosion Monitor,Civil/IoT,Monitors corrosion rate in underground pipelines using electrochemical impedance sensors and transmits data for maintenance scheduling.,EIS Sensor,Arduino,IoT,Cloud,Analytics
421,AI-based Scholarship Recommendation System,EdTech/AI,Matches students to eligible scholarships based on academic profile socioeconomic background and eligibility criteria using ML.,Python,ML,Flask,Scholarship DB,NLP
422,Smart Book Reader for Blind Students,Accessibility/AI,Scans printed text with a camera and reads it aloud using OCR and TTS enabling blind students to access print materials.,Raspberry Pi,OCR,TTS,Camera,Python
423,Urban Heat Island Monitoring System,Environment/IoT,Maps urban heat island intensity using distributed IoT temperature sensors and satellite data correlating it with land use patterns.,IoT,Temperature Sensor,GIS,Satellite,Python
424,Smart Medicine Dispenser for Elderly,Healthcare/IoT,Dispenses correct medications at scheduled times and sends reminders and caregiver alerts if doses are missed.,Arduino,Servo,RTC,BLE,Android,Cloud
425,Automated Invoice Matching System,FinTech/AI,Matches purchase orders invoices and delivery notes using NLP and fuzzy logic to detect discrepancies in procurement workflows.,Python,NLP,Fuzzy Matching,Flask,MySQL
426,AI-based Student Career Path Predictor,EdTech/AI,Predicts the most suitable career pathways for students based on skills interests grades and market demand trends using ML.,Python,ML,Flask,Career Dataset,NLP
427,Smart Petrol Pump Management System,Transportation/IoT,Automates fuel dispensing billing and inventory management at petrol pumps using flow sensors and RFID vehicle identification.,RFID,Flow Sensor,Arduino,Django,MySQL
428,Real-time GPS Asset Tracking System,Logistics/IoT,Tracks movable assets like vehicles equipment and containers in real time using GPS modules and a live map dashboard.,GPS,GSM,Cloud,Android,Maps API
429,AI-based Legal Notice Drafting Tool,AI/Legal,Generates legally formatted notice documents from user-provided case details and jurisdiction using NLP template filling.,Python,NLP,Flask,Legal Templates,BERT
430,Smart Home Energy Optimizer,Energy/AI,Analyzes home appliance usage patterns and recommends energy-saving schedules and smart automation settings to reduce bills.,Python,ML,IoT,Smart Meter,Android
431,Automated Student Feedback Analysis,EdTech/AI,Collects and automatically analyzes student feedback on courses and faculty using sentiment analysis to produce insights.,Python,NLP,BERT,Flask,MySQL
432,Smart Vehicle Anti-Theft System,Automotive/IoT,Detects unauthorized vehicle ignition or motion and sends GPS location alerts to the owner while locking fuel supply.,GPS,GSM,Arduino,Relay,Android
433,AI-based Colorectal Cancer Detection,Healthcare/AI,Classifies colonoscopy images to detect polyps and colorectal cancer using CNN models trained on annotated clinical datasets.,Python,CNN,TensorFlow,Colonoscopy Dataset
434,Smart Home for Energy-Efficient Cooling,Energy/IoT,Optimizes air conditioning operation based on occupancy room temperature and outdoor weather to minimize cooling energy use.,Arduino,Temperature Sensor,PIR,IoT,ML
435,Automated Inventory Forecasting using ML,Retail/AI,Predicts future inventory demand for retail stores using sales history seasonality and external events with regression models.,Python,ML,XGBoost,Retail Dataset,Pandas
436,Smart Braille Printer using Arduino,Accessibility/Embedded,Converts text input into Braille characters and physically embosses them on paper using a servo-actuated pin mechanism.,Arduino,Servo Motors,Braille Encoder,Python
437,AI-based Wildfire Spread Prediction,Environment/AI,Simulates and predicts wildfire spread trajectory using terrain wind and fuel moisture data with cellular automata and ML.,Python,ML,GIS,Wildfire Dataset,Simulation
438,Smart Attendance and Payroll Integration,HR/IoT,Automates employee attendance capture using biometric devices and directly feeds data to payroll computation software.,Biometric,Fingerprint,Python,Django,MySQL
439,IoT-based Air Pollution Monitoring Network,Environment/IoT,Deploys a city-wide network of IoT air quality sensors providing real-time PM2.5 CO and NO2 maps for public access.,Arduino,MQ Sensors,LoRa,Cloud,Maps API
440,AI-based Prostate Cancer Grading,Healthcare/AI,Grades prostate cancer from histopathology slide images using CNN models to assist pathologists with Gleason scoring.,Python,CNN,TensorFlow,Pathology Dataset
441,Smart Soil Salinity Monitor for Coastal Farms,Agriculture/IoT,Monitors soil electrical conductivity in coastal farms to detect salinization levels and guide desalination irrigation strategies.,Arduino,EC Sensor,IoT,Cloud,Analytics
442,Automated 3D Face Reconstruction,AI/Vision,Reconstructs a 3D face model from a single 2D image using deep learning for augmented reality and forensic applications.,Python,3DMM,Deep Learning,OpenCV,3D Reconstruction
443,Smart Traffic Data Logger,Transportation/IoT,Automatically logs vehicle counts speed and classification at road junctions using inductive loops and ANPR cameras.,ANPR,Inductive Loop,Python,Database,Analytics
444,AI-based Resume Gap Analysis Tool,HR/AI,Identifies skill and experience gaps in candidate resumes relative to target job requirements and recommends upskilling resources.,Python,NLP,BERT,Flask,Job Dataset
445,Smart Emergency Response Coordination Platform,Safety/Software,Coordinates resources communication and task assignment for emergency responders during disasters on a real-time web platform.,React,Node.js,WebSocket,Maps API,MongoDB
446,AI-based Retail Demand Forecasting,Retail/AI,Forecasts daily product demand for retail chains using historical sales weather and promotional data in LSTM models.,Python,LSTM,TensorFlow,Retail Dataset,Pandas
447,Smart Indoor Positioning System using BLE,IoT/Navigation,Provides sub-meter indoor localization using Bluetooth Low Energy beacon signal triangulation for assets and personnel tracking.,BLE Beacons,Raspberry Pi,Python,Trilateration,Android
448,AI-based Early Sepsis Detection,Healthcare/AI,Detects early signs of sepsis from ICU patient vitals streams using LSTM models trained on MIMIC clinical database.,Python,LSTM,TensorFlow,MIMIC Dataset
449,Automated Hydroponics Nutrient Dosing,Agriculture/IoT,Measures and automatically doses hydroponic nutrient solution concentration using EC and pH sensors and a peristaltic pump.,Arduino,EC Sensor,pH Sensor,Peristaltic Pump,IoT
450,Smart Anti-Poaching Surveillance System,Environment/AI,Detects and classifies gunshots vehicle engine noises and human intrusions in wildlife reserves using acoustic AI sensors.,Python,CNN,Edge AI,Acoustic Sensor,GSM
451,Smart Dental Appointment Booking System,Healthcare/Software,A web and mobile platform for scheduling dental appointments with AI-based slot optimization and pre-visit form collection.,React,Node.js,MongoDB,Calendar API,Android
452,Automated Supply Chain Disruption Predictor,Logistics/AI,Predicts supply chain disruptions using geopolitical news weather and shipment delay data with NLP and ML models.,Python,NLP,BERT,ML,Logistics Dataset
453,Smart Building Access Control using Face,Security/AI,Controls building access by verifying employee identities through a face recognition system integrated with electronic door locks.,Python,dlib,OpenCV,Raspberry Pi,Relay
454,AI-based Earthquake Magnitude Prediction,Civil/AI,Predicts earthquake magnitude from seismic waveform data using CNN-LSTM hybrid models trained on seismograph recordings.,Python,CNN,LSTM,Seismic Dataset,TensorFlow
455,Smart Livestock Vaccination Tracker,Agriculture/IoT,Records and schedules vaccinations for cattle and poultry using RFID ear tags and a cloud-based farm management portal.,RFID,Arduino,Cloud,Android,Vaccination DB
456,Automated Robotic Window Cleaner,Robotics/Embedded,A suction-cup robot that autonomously navigates glass surfaces cleaning them using a squeegee mechanism and microcontroller.,Arduino,Suction Pump,Motor Driver,Ultrasonic,Embedded C
457,Smart Industrial Ventilation Controller,Safety/IoT,Controls factory ventilation fans based on real-time toxic gas and temperature readings to maintain safe working conditions.,Gas Sensors,Arduino,Relay,IoT,SCADA
458,AI-based Optical Character Recognition for Handwriting,AI/EdTech,Recognizes handwritten text from scanned paper sheets using CNN-based OCR models enabling digitization of handwritten records.,Python,CNN,OpenCV,Handwriting Dataset,TensorFlow
459,Smart Electric Fence for Wildlife Conservation,Environment/IoT,An electric fence with GSM-based alert that notifies wardens when wildlife or poachers breach the perimeter boundary.,Arduino,GSM,Relay,IoT,Voltage Sensor
460,Automated Patent Similarity Detection,AI/Legal,Detects overlapping patent claims by computing semantic similarity between patent texts using transformer-based embeddings.,Python,BERT,Cosine Similarity,Patent DB,NLP
461,Smart Lane Departure Warning System,Automotive/AI,Detects lane boundaries in vehicle dashcam feed and issues audio warnings when unintended lane departure is detected.,Python,OpenCV,CNN,Camera,Raspberry Pi
462,Real-time Sign Language Interpreter Glove,Accessibility/IoT,A glove with flex and pressure sensors that interprets sign language alphabet gestures and displays corresponding text on a screen.,Flex Sensors,Arduino,Bluetooth,LCD,Python
463,AI-based Customer Service Ticket Classifier,Software/AI,Automatically classifies incoming customer support tickets by category urgency and department using NLP models for faster routing.,Python,NLP,BERT,Scikit-learn,Flask
464,Smart Campus Energy Audit System,Energy/IoT,Monitors energy consumption of individual departments on campus using smart meters and generates energy audit reports automatically.,Smart Meters,IoT,Python,Django,Dashboard
465,Automated Land Use Classification from Satellite,Environment/AI,Classifies land use categories like forest water body urban and farmland from satellite imagery using deep learning models.,Python,CNN,Google Earth Engine,Remote Sensing
466,Smart Cold Storage Monitoring,Logistics/IoT,Monitors temperature and humidity in cold storage warehouses for pharmaceutical and food products with alerts on violations.,Arduino,DHT22,IoT,Cloud,Android
467,AI-based Interview Bias Detection Tool,HR/AI,Detects potential gender age or ethnicity bias in interviewer ratings and comments using NLP analysis of interview feedback.,Python,NLP,BERT,Bias Detection,Flask
468,Smart Rainwater pH Neutralizer,Environment/IoT,Automatically adds neutralizing agents to collected rainwater when pH sensor readings drop below safe levels.,Arduino,pH Sensor,Pump,IoT,Cloud
469,Blockchain-based Supply Chain for Medicines,Healthcare/Blockchain,Tracks pharmaceutical products from manufacturer to patient using blockchain to prevent counterfeit drugs from entering the supply chain.,Blockchain,Solidity,QR Code,React,IoT
470,AI-based Energy Theft Pattern Detection,Energy/AI,Identifies electricity theft patterns from smart meter time-series data using unsupervised anomaly detection algorithms.,Python,Isolation Forest,Smart Meter Data,Pandas,ML
471,Automated Road Traffic Counting System,Transportation/AI,Counts vehicles by category at road junctions from camera feeds using object detection and tracking models for traffic surveys.,Python,YOLO,DeepSORT,OpenCV,Analytics
472,Smart Rain Garden Overflow Monitor,Environment/IoT,Monitors water levels in rain garden bioswales and alerts city planners when overflow into storm drains is imminent.,Ultrasonic,Arduino,IoT,Cloud,Dashboard
473,AI-based Fake Review Detection,AI/Retail,Identifies fake or incentivized product reviews from e-commerce platforms using behavioral signals and NLP text classifiers.,Python,NLP,Scikit-learn,Sentiment Analysis,Flask
474,Smart Vehicle Emission Monitoring System,Environment/IoT,Measures exhaust gas composition of passing vehicles using electrochemical sensors and flags non-compliant vehicles for authorities.,Gas Sensors,Arduino,IoT,Cloud,ANPR
475,Automated Student Question Answering System,EdTech/AI,Answers student questions on course material using a retrieval-augmented generation system built on lecture notes and textbooks.,Python,RAG,BERT,LangChain,Flask
476,Smart Maternal Health Monitoring Patch,Healthcare/IoT,A wearable patch for pregnant women that monitors fetal heart rate maternal temperature and movement alerting doctors to anomalies.,PPG,Temperature Sensor,BLE,Android,Cloud
477,AI-based Rice Quality Grading System,Agriculture/AI,Grades rice grain quality based on grain size shape chalkiness and broken grain percentage from microscope images using CNN.,Python,CNN,OpenCV,TensorFlow,Rice Dataset
478,Smart Sewage Overflow Detection System,Environment/IoT,Detects sewage overflow events in urban manholes using ultrasonic level sensors and notifies municipal authorities via IoT.,Ultrasonic,Arduino,IoT,GSM,Cloud
479,AI-based Suspicious Transaction Alert System,FinTech/AI,Flags unusual financial transactions in banking systems using graph-based fraud detection and time-series anomaly models.,Python,Graph ML,Time Series,FinTech Dataset,TensorFlow
480,Smart Helmet with Night Vision for Rescue,Safety/Robotics,A rescue worker helmet with night-vision camera live video streaming and gas detection sensors for disaster response operations.,Night Vision Camera,Raspberry Pi,Gas Sensor,Wi-Fi,BLE
481,Automated Poultry Weight Estimation using CV,Agriculture/AI,Estimates live weight of poultry from overhead camera images using deep learning to enable contactless growth monitoring.,Python,CNN,OpenCV,TensorFlow,Poultry Dataset
482,Smart Gym Equipment Usage Tracker,IoT/Sports,Tracks gym equipment utilization rates and user workout data using weight and motion sensors for facility management.,Arduino,Weight Sensor,IMU,IoT,Dashboard,Android
483,AI-based Disaster Tweet Classification,AI/Safety,Classifies tweets during disasters as informative or non-informative using NLP models to assist emergency response teams.,Python,BERT,NLP,Twitter API,Flask
484,Smart Night Vision Parking Camera,Automotive/AI,Enhances vehicle parking cameras with night vision using IR illumination and image enhancement algorithms for clearer low-light view.,IR LED,Raspberry Pi,OpenCV,Camera Module
485,Automated Patent Classification System,AI/Legal,Assigns IPC patent classification codes to patent applications using transformer-based multilabel text classification models.,Python,BERT,Multilabel Classification,Patent Dataset,Flask
486,Smart Roof Garden Monitoring System,Agriculture/IoT,Monitors soil moisture light and plant health in rooftop gardens using IoT sensors and provides care alerts to owners.,Arduino,Soil Sensor,LDR,IoT,Android
487,AI-based Tumor Growth Prediction,Healthcare/AI,Predicts tumor growth trajectory from sequential MRI scans using deep learning temporal models for treatment planning.,Python,3D CNN,TensorFlow,MRI Dataset,Medical Imaging
488,Smart Underground Parking Navigation,Transportation/IoT,Guides drivers to available spots in underground parking using ultrasonic sensors and in-ground LED indicators with an app.,Ultrasonic,LEDs,Arduino,Android,IoT
489,Automated Agricultural Field Boundary Detection,Agriculture/AI,Detects and delineates agricultural field boundaries from satellite imagery using semantic segmentation for digital farm mapping.,Python,U-Net,Remote Sensing,Satellite,GIS
490,AI-based Deepfake Audio and Video Detector,AI/Cybersecurity,Detects AI-synthesized audio-visual deepfakes using multimodal inconsistency analysis across audio visual and lip-sync streams.,Python,CNN,Multimodal,TensorFlow,Deepfake Dataset
491,Smart Tidal Energy Harvesting System,Renewable Energy/EEE,Designs a tidal turbine system that harvests energy from ocean tidal currents using blade design optimization and power conditioning.,MATLAB,FEA,Tidal Turbine,Power Electronics
492,Automated Social Media Profile Fake Detector,Cybersecurity/AI,Identifies fake and bot social media accounts using behavioral metadata profile features and NLP analysis of post patterns.,Python,ML,NLP,Social Media API,Scikit-learn
493,Smart Wastewater Recycling Controller,Environment/IoT,Monitors greywater treatment parameters and controls filtration and UV disinfection stages for safe reuse in irrigation.,Arduino,Sensors,Relay,IoT,Cloud
494,AI-based Histopathology Image Analysis,Healthcare/AI,Analyzes histopathology tissue slides for cancer detection and grading using deep learning trained on digital pathology datasets.,Python,CNN,TensorFlow,Pathology Dataset,OpenSlide
495,Smart Vehicle Tracking for School Buses,Transportation/IoT,Provides parents and school administrators real-time GPS tracking of school buses with geofence alerts for student safety.,GPS,GSM,Firebase,Android,Maps API
496,Automated Language Learning Flashcard App,EdTech/AI,Generates personalized vocabulary flashcards based on user proficiency level using NLP and spaced repetition scheduling algorithms.,Python,NLP,Flask,Spaced Repetition,MySQL
497,Smart Earthquake-resistant Building Monitor,Civil/IoT,Instruments a building with accelerometers and strain gauges to assess structural response during seismic events in real time.,Accelerometer,Strain Gauge,Arduino,IoT,Cloud
498,AI-based Financial Report Summarizer,FinTech/AI,Automatically summarizes quarterly earnings reports and financial filings into concise investor-friendly highlights using NLP.,Python,NLP,BERT,Hugging Face,Flask
499,Smart Coastal Erosion Monitoring System,Civil/IoT,Monitors shoreline changes using time-lapse cameras and IoT wave sensors to provide data for coastal management decisions.,Camera,Wave Sensor,Arduino,IoT,GIS
500,AI-based Automated Code Documentation Generator,Software/AI,Automatically generates docstrings and inline comments for Python and Java source code using code-aware language models.,Python,CodeBERT,NLP,Hugging Face,AST
